Sheet,Date,Month,Year,Forecast_Admin Overhead (INR),Actual_Admin Overhead (INR),Forecast_Attrition % (Ann.),Actual_Attrition % (Ann.),Forecast_Avg Appraisal Rate,Actual_Avg Appraisal Rate,Forecast_Avg Salary (Wtd) (INR),Actual_Avg Salary (Wtd) (INR),Forecast_Band 1 Count,Actual_Band 1 Count,Forecast_Band 1 Sal/FTE (INR),Actual_Band 1 Sal/FTE (INR),Forecast_Band 2 Count,Actual_Band 2 Count,Forecast_Band 2 Sal/FTE (INR),Actual_Band 2 Sal/FTE (INR),Forecast_Band 3 Count,Actual_Band 3 Count,Forecast_Band 3 Sal/FTE (INR),Actual_Band 3 Sal/FTE (INR),Forecast_Band 4 Count,Actual_Band 4 Count,Forecast_Band 4 Sal/FTE (INR),Actual_Band 4 Sal/FTE (INR),Forecast_Band 5 Count,Actual_Band 5 Count,Forecast_Band 5 Sal/FTE (INR),Actual_Band 5 Sal/FTE (INR),Forecast_Band 6 Count,Actual_Band 6 Count,Forecast_Band 6 Sal/FTE (INR),Actual_Band 6 Sal/FTE (INR),Forecast_Billable HC,Actual_Billable HC,Forecast_Bonus/Var Pay (INR),Actual_Bonus/Var Pay (INR),Forecast_Budget: Admin Overhead (INR),Actual_Budget: Admin Overhead (INR),Forecast_Budget: Bonus (INR),Actual_Budget: Bonus (INR),Forecast_Budget: Consultancy (INR),Actual_Budget: Consultancy (INR),Forecast_Budget: DBTS Charges (INR),Actual_Budget: DBTS Charges (INR),Forecast_Budget: Emp Engagement (INR),Actual_Budget: Emp Engagement (INR),Forecast_Budget: Financial Operation Charges (INR),Actual_Budget: Financial Operation Charges (INR),Forecast_Budget: HR Cost (INR),Actual_Budget: HR Cost (INR),Forecast_Budget: IT Equipment (INR),Actual_Budget: IT Equipment (INR),Forecast_Budget: IT License (INR),Actual_Budget: IT License (INR),Forecast_Budget: Learning Platform (INR),Actual_Budget: Learning Platform (INR),Forecast_Budget: Long Leave (INR),Actual_Budget: Long Leave (INR),Forecast_Budget: Mgmt Overhead (INR),Actual_Budget: Mgmt Overhead (INR),Forecast_Budget: Office Rent (INR),Actual_Budget: Office Rent (INR),Forecast_Budget: Overtime (INR),Actual_Budget: Overtime (INR),Forecast_Budget: Salary (INR),Actual_Budget: Salary (INR),Forecast_Budget: Training & Dev (INR),Actual_Budget: Training & Dev (INR),Forecast_Budget: Utilities (INR),Actual_Budget: Utilities (INR),Forecast_CAD/INR Forex Rate,Actual_CAD/INR Forex Rate,Forecast_Closing HC,Actual_Closing HC,Forecast_Consultancy Charges (INR),Actual_Consultancy Charges (INR),Forecast_DBTS Charges (INR),Actual_DBTS Charges (INR),Forecast_Emp Engagement Cost (INR),Actual_Emp Engagement Cost (INR),Forecast_Financial Operation Charges (INR),Actual_Financial Operation Charges (INR),Forecast_HR Cost (INR),Actual_HR Cost (INR),Forecast_IT Equipment Cost (INR),Actual_IT Equipment Cost (INR),Forecast_IT License Cost (INR),Actual_IT License Cost (INR),Forecast_Learning Platform Cost (INR),Actual_Learning Platform Cost (INR),Forecast_Long Leave Cost (INR),Actual_Long Leave Cost (INR),Forecast_Long Leave Count,Actual_Long Leave Count,Forecast_Mgmt Overhead (INR),Actual_Mgmt Overhead (INR),Forecast_Office Rent & Facilities (INR),Actual_Office Rent & Facilities (INR),Forecast_Original Budget (INR),Actual_Original Budget (INR),Forecast_Overtime Cost (INR),Actual_Overtime Cost (INR),Forecast_Salary Cost (INR),Actual_Salary Cost (INR),Forecast_Talent Pool,Actual_Talent Pool,Forecast_Total Exits,Actual_Total Exits,Forecast_Total Hires,Actual_Total Hires,Forecast_Training & Dev Cost (INR),Actual_Training & Dev Cost (INR),Forecast_Utilities Cost (INR),Actual_Utilities Cost (INR),Forecast_WFH Count,Actual_WFH Count,Forecast_WFO Count,Actual_WFO Count,Forecast_Benefits Cost (INR),Actual_Benefits Cost (INR),Forecast_Payroll Tax (INR),Actual_Payroll Tax (INR),Forecast_Travel Allowance (INR),Actual_Travel Allowance (INR),Forecast_Meal Allowance (INR),Actual_Meal Allowance (INR),Forecast_Recruitment Cost (INR),Actual_Recruitment Cost (INR),Forecast_Opening HC,Actual_Opening HC,Forecast_Total Direct Cost (INR),Actual_Total Direct Cost (INR),Forecast_Total Indirect Cost (INR),Actual_Total Indirect Cost (INR),Forecast_Total Actual Cost (INR),Actual_Total Actual Cost (INR),Forecast_Monthly Variance (INR),Actual_Monthly Variance (INR)
Technology,2026-01,Jan,2026,27593.1911,39975.08,0.1038,0.3582,0.0,0.0,2752512.3399,2754975.68,8.0,8.0,875427.9088,875428.0,19.1903,18.0,1381287.8379,1381287.0,23.1716,22.0,2050890.915,2050891.0,11.9874,12.0,3102080.272,3102080.0,4.0,4.0,4898696.9339,4894930.0,1.4319,2.0,8208487.0,8208487.0,64.779,63.0,1501795.7869,1101990.27,42311.737,42773.33,385185.5238,321580.8,217705.8565,192948.48,75143.4768,74853.33,44236.0585,19010.37,64576.7671,62886.91,58694.2118,58813.33,146972.4661,51036.36,241790.731,239530.67,19828.3714,17964.8,12527.1984,631.68,498350.0965,491304.0,525399.9517,517290.0,238691.5904,47932.1,20047151.3757,19652159.88,16095.894,17033.29,16570.6339,17243.0,60.7118,60.5,67.9704,66.0,356785.0071,330597.08,70048.2453,69956.39,38332.7634,39975.08,58716.5247,58772.81,55269.4577,54965.73,969543.408,87445.48,226943.4907,223860.44,35394.8121,34978.19,20900.0621,0.0,-0.0688,0.0,467590.2766,459162.61,285602.413,483448.6,26759682.1422,24953062.69,-1902995.9217,0.0,19986957.5886,18366504.56,3.1055,3.0,2.0,2.0,1.9202,1.0,42048.7847,44772.09,-94890.7425,18800.78,33.6603,31.0,36.1076,35.0,1959769.4152,1836650.46,979884.7069,918325.23,91754.9996,119925.23,55025.8358,59962.62,407999.4254,45916.26,67.0,67.0,23101091.8989,22449274.63,2538977.6319,1946710.36,25640069.5308,24395984.99,1119612.6115,557077.7
Technology,2026-02,Feb,2026,28421.2521,40974.45,0.1014,0.3636,0.0,0.0,2752512.34,2754975.68,8.0,8.0,875427.9089,875428.0,19.1146,18.0,1381287.8379,1381287.0,23.4108,22.0,2050890.915,2050891.0,11.961,12.0,3102080.272,3102080.0,4.0,4.0,4902723.024,4894930.0,1.8622,1.0,8208487.0,8208487.0,64.6204,62.0,425024.3996,0.0,43807.0495,43842.67,86511.4303,54936.72,220073.2059,197772.19,77730.2019,76724.67,47262.9138,19485.63,65971.9121,64459.08,60628.4885,60283.67,157695.3306,76554.55,250664.8236,245518.93,25514.1608,18413.92,-1711.8964,789.6,514903.9295,503586.6,550949.9795,529320.0,371122.0959,49130.4,20640812.1355,20143463.88,23000.3725,17459.12,17131.3267,17644.0,60.6101,60.8,68.2151,65.0,211370.1591,338862.01,72602.8399,71705.3,175328.4559,40974.45,60966.919,60242.13,57142.5519,56339.88,197241.7389,131168.22,234689.2116,229456.95,36531.2621,35852.65,21405.3336,0.0,-0.0002,0.0,482046.3369,470641.68,310878.7284,494691.59,28000921.2158,25381029.04,-307666.4189,0.0,19422065.0924,18825667.17,3.1081,3.0,1.0,2.0,0.8935,1.0,48501.2089,45891.39,-71721.368,19238.01,33.5133,30.0,36.2607,35.0,1904380.343,1882566.72,952190.1708,941283.36,92085.3468,122923.36,55223.9463,61461.68,189850.5872,68874.39,67.9704,66.0,22754558.8009,21902776.68,1843999.2966,2036038.71,24598558.0975,23938815.39,3402363.1183,1442213.65
Technology,2026-03,Mar,2026,907149.2098,40474.77,0.101,0.1846,0.0,0.0,2752512.3401,2754975.68,8.0,8.0,875427.9089,875428.0,19.6653,18.0,1381287.8379,1381287.0,23.7194,22.0,2050890.915,2050891.0,12.7034,12.0,3102080.272,3102080.0,4.0,4.0,4906921.1057,4894930.0,0.9037,1.0,8208487.0,8208487.0,65.2364,62.0,923393.584,2156004.9,44231.2177,43308.0,124149.3032,90444.6,2109147.7937,2861604.54,78568.6214,75789.0,155558.7674,134110.66,66990.9916,63673.0,61251.9057,59548.5,58023.6916,3645.45,253395.0762,242524.8,26936.7947,18189.36,4486.8647,789.6,519956.917,497445.3,542051.8544,517290.0,1108147.2107,670255.12,20809066.249,19897811.88,27162.2211,17246.21,18240.916,19158.89,61.5458,61.2,68.6787,65.0,2787897.5055,3855285.35,73648.6672,70830.84,143087.5742,117503.5,61070.5814,59507.47,57707.7722,55652.8,4516.338,0.0,236217.9412,226658.69,36704.4907,35415.42,21711.0992,0.0,0.0,0.0,484851.8835,464902.15,122471.1956,483448.6,30582091.7511,28361518.58,214218.9089,401291.76,19482445.8902,20752090.77,3.1108,3.0,1.0,1.0,1.6695,1.0,48989.6777,45331.74,-161660.1042,18800.78,33.57,30.0,37.0239,35.0,1910300.8259,1859608.59,955150.4123,929804.29,92711.0875,91068.22,55599.2055,60712.15,354729.639,0.0,68.2151,65.0,24010260.6524,26250580.68,4802652.7327,5473812.11,28812913.3851,31724392.79,1769178.366,-3362874.21
Technology,2026-04,Apr,2026,34530.5858,40474.77,0.0992,0.0,0.0922,0.0982,2981767.9549,3006906.27,8.0,8.0,1010160.0598,974887.0,19.2823,18.0,1505221.2831,1538328.0,23.3185,22.0,2227795.1069,2239873.0,12.3905,12.0,3339015.1477,3371704.0,4.0,4.0,5235535.321,5256223.0,1.888,1.0,9145324.7588,8773476.0,64.8755,61.0,933009.9457,1420763.21,43574.8195,43308.0,1183590.7186,1105612.1,2416391.5582,3215879.73,77293.3504,75789.0,57491.9477,19248.0,70280.1513,69495.62,60282.6922,59548.5,82183.2949,18227.27,249209.3422,242524.8,68579.9085,72757.44,13208.1568,287.27,547807.215,542934.51,546382.3026,517290.0,1347420.4208,1611289.31,18591583.7293,21717380.54,275306.5084,298113.02,18516.0998,19158.89,61.5958,61.5,68.1806,64.0,1306718.264,1102014.86,73843.7341,70830.84,-394445.3596,40474.77,64255.1466,64949.18,57095.2228,55652.8,-693308.4023,0.0,233405.0085,226658.69,36439.4157,35415.42,14645.7376,0.0,0.4922,1.0,512939.8797,507415.43,336144.2084,483448.6,33692765.2426,33069840.51,1234952.7277,771762.4,9124632.422,20296617.32,3.1134,3.0,-0.0,0.0,-0.4027,0.0,134338.1133,142471.18,-64788.4923,18800.78,33.2896,30.0,36.7739,34.0,894692.2245,2029661.73,447346.1119,1014830.87,92038.7845,91068.22,55196.0228,60712.15,-85573.7794,0.0,68.6787,65.0,12710940.1974,25685415.9,1637167.3249,2788607.32,14348107.5223,28474023.22,19344657.7203,4595817.29
Technology,2026-05,May,2026,33057.461,40474.77,0.0992,0.0,0.0,0.0,2981767.955,3006906.27,8.0,8.0,1010160.0598,974887.0,18.8895,18.0,1505221.2831,1538328.0,22.9268,22.0,2227795.1069,2239873.0,12.184,12.0,3339015.1477,3371704.0,4.0,4.0,5240064.5645,5256223.0,2.1508,1.0,9145324.7588,8773476.0,64.0364,61.0,416278.495,0.0,43510.7749,43308.0,107279.3195,78972.29,320701.9831,341160.31,77213.0354,75789.0,47000.1742,19248.0,70355.4915,69495.62,60210.0425,59548.5,65211.2499,7290.91,248999.0962,242524.8,47802.6061,54568.08,36503.4536,287.27,547392.4445,542934.51,547295.3345,517290.0,334165.8583,63563.06,18603419.2874,21717380.54,183291.7988,199563.26,20119.5586,21074.78,61.4958,61.8,67.6466,64.0,-636970.8383,365339.11,73756.7271,70830.84,79139.5299,40474.77,64509.3506,64949.18,57268.1156,55652.8,27007.8249,0.0,234386.1373,226658.69,36549.8079,35415.42,30278.039,0.0,0.3609,0.0,514759.9892,507415.43,345679.7383,483448.6,30074000.6627,27501893.38,723264.507,0.0,8908428.6708,20296617.32,3.1161,3.0,-0.0,0.0,-0.4027,0.0,111523.478,116567.33,-64825.9504,18800.78,32.5231,30.0,36.5239,34.0,873492.925,2029661.73,436746.4622,1014830.87,91317.8994,91068.22,54763.7051,60712.15,-85573.7863,0.0,68.1806,64.0,11448996.9173,23492890.29,875841.3711,2026027.72,12324838.2883,25518918.01,17749162.3744,1982975.37
Technology,2026-06,Jun,2026,26795.9376,40474.77,0.101,0.375,0.0,0.0,2981767.955,3006906.27,8.0,7.0,1010160.0598,974887.0,18.5155,17.0,1505221.2831,1538328.0,22.5438,21.0,2227795.1069,2239873.0,12.184,11.0,3339015.1477,3371704.0,4.0,4.0,5244753.7154,5256223.0,1.1261,1.0,9145324.7588,8773476.0,62.4678,58.0,-589034.1971,0.0,41835.2335,43308.0,100558.3839,78972.29,217651.3507,213225.19,74128.054,75789.0,581772.069,549019.86,67806.1125,69495.62,57830.6184,59548.5,1095.9631,3645.45,238913.3428,242524.8,33376.1594,36378.72,38236.9897,574.53,527754.4943,542934.51,549051.184,649620.0,350227.2242,63563.06,17693270.9017,21717380.54,31281.6768,34492.42,23520.877,31278.0,61.5708,62.1,66.1508,61.0,-481593.3127,365339.11,73569.5789,70830.84,-201756.9009,230896.2,63462.6881,64949.18,55851.2075,55652.8,27008.1622,0.0,228263.2015,226658.69,35732.5727,35415.42,29846.2764,0.0,0.4922,1.0,502593.3355,507415.43,1085821.498,4229545.81,29532705.0934,27879527.77,-234740.8162,0.0,8451191.4022,20296617.32,3.1188,3.0,1.0,2.0,-0.4027,0.0,46471.2048,45331.74,254567.7115,1576077.84,29.0477,20.0,36.5239,41.0,828659.7076,2029661.73,414329.8535,1014830.87,89298.7367,91068.22,53552.8052,60712.15,-85573.7817,0.0,67.6466,64.0,8957529.9866,23492890.29,1716786.8848,7448587.83,10674316.8714,30941478.12,18858388.222,-3061950.35
Technology,2026-07,Jul,2026,36255.5357,39975.08,0.0992,0.0,0.0,0.0,2981767.955,3006906.27,8.0,7.0,1010160.0598,974887.0,18.898,17.0,1505221.2831,1538328.0,22.9189,21.0,2227795.1069,2239873.0,12.3905,11.0,3339015.1477,3371704.0,4.0,4.0,5249599.4442,5256223.0,1.444,2.0,9145324.7588,8773476.0,63.6683,59.0,-72670.5329,0.0,43958.9005,42773.33,103352.0567,77997.33,230614.721,210592.78,77837.6952,74853.33,34773.8616,19010.37,70860.964,68637.65,60748.4306,58813.33,521770.3895,18227.27,250760.7168,239530.67,27028.249,17964.8,5570.9107,258540.24,551166.0277,536231.62,561654.0803,481200.0,332298.6794,52315.28,18618189.1225,21449264.73,27885.5885,25549.94,24069.9989,23168.89,61.8458,62.3,67.6561,62.0,-568815.028,360828.75,76152.7478,69956.39,122603.3948,39975.08,64621.8931,64147.33,57776.4631,54965.73,786623.3564,0.0,236014.7234,223860.44,36950.6154,34978.19,22192.1959,150345.31,0.0,0.0,518249.2029,501151.05,847882.4688,449719.63,30242700.2292,27053240.31,734460.003,0.0,10306852.8971,20046041.8,3.1214,3.0,-0.0,0.0,1.0103,1.0,47713.4747,44772.09,147379.3816,17489.1,35.0838,31.0,34.5239,31.0,1010611.7944,2004604.18,505305.8969,1002302.09,91330.7236,89943.93,54771.3958,59962.62,214667.3528,0.0,66.1508,61.0,12867521.7266,23353199.93,2409408.2296,1901818.86,15276929.9562,25255018.79,14965770.273,1798221.52
Technology,2026-08,Aug,2026,37594.5839,39975.08,0.0992,0.0,0.0,0.0,2981767.955,3006906.27,8.0,8.0,1010160.0598,974887.0,18.7908,18.0,1505221.2831,1538328.0,23.3016,21.0,2227795.1069,2239873.0,12.3905,11.0,3339015.1477,3371704.0,4.0,4.0,5254598.7364,5256223.0,2.318,1.0,9145324.7588,8773476.0,64.887,60.0,434778.6639,0.0,45746.1162,42773.33,112850.5288,77997.33,242174.6639,210592.78,81124.9523,74853.33,77758.2682,46693.75,73468.753,68637.65,63284.3287,58813.33,177603.5035,7290.91,261509.3646,239530.67,45818.1277,35929.6,-845.1221,861.8,572457.3511,536231.62,572399.1052,481200.0,336784.9861,52315.28,19599429.1013,21449264.73,137911.6013,136874.67,24382.1873,23168.89,61.7958,62.5,68.6437,63.0,-744914.5952,360828.75,76760.2684,69956.39,170736.6599,81823.16,66824.9926,64147.33,59618.0673,54965.73,98340.5609,0.0,243878.112,223860.44,38029.8151,34978.19,23238.4215,0.0,0.1008,0.0,534062.0051,501151.05,807506.1586,449719.63,30625914.7034,26922819.88,738459.634,0.0,9765973.0246,20046041.8,3.1241,3.0,-0.0,0.0,1.0826,1.0,98190.7261,95940.19,127134.7756,17489.1,35.4217,32.0,35.2739,31.0,957577.2179,2004604.18,478788.6087,1002302.09,92663.9366,89943.93,55570.9289,59962.62,230020.3307,0.0,67.6561,62.0,12777070.7668,23202854.62,1613762.1303,1994835.04,14390832.8971,25197689.66,16235081.8062,1725130.22
Technology,2026-09,Sep,2026,34058.0001,38476.01,0.101,0.1905,0.0,0.0,2981767.955,3006906.27,8.0,7.0,1010160.0598,974887.0,19.1913,17.0,1505221.2831,1538328.0,23.1915,21.0,2227795.1069,2239873.0,12.3905,11.0,3339015.1477,3371704.0,4.0,4.0,5259748.8741,5256223.0,2.4135,2.0,9145324.7588,8773476.0,65.3725,59.0,444027.2392,0.0,46750.5729,41169.33,119059.4046,75072.43,286570.4259,243234.66,82930.6599,72046.33,49567.8195,18297.48,74971.9689,66063.74,64688.8032,56607.83,84219.2174,3645.45,267362.2332,230548.27,72672.1294,69164.48,26269.4933,287.27,584211.1619,516122.93,583456.1716,493230.0,1022757.0118,491048.74,20121180.8581,20644917.3,201647.1737,189708.29,21208.7046,20094.56,61.0708,62.7,69.1508,62.0,-828747.2507,347297.67,77468.4143,67333.02,135679.7051,38476.01,67881.2911,61741.81,60658.1966,52904.52,67549.2504,0.0,248228.2567,215465.67,38658.6047,33666.51,22815.583,0.0,0.0,0.0,542949.4329,482357.88,286384.7626,460962.62,31517600.7699,26491768.25,415831.129,470397.16,10170276.5752,19294315.23,3.1268,3.0,1.0,1.0,1.1954,0.0,119071.1544,110810.92,-99480.853,17926.32,33.857,29.0,37.5239,33.0,997220.1566,1929431.52,498610.0779,964715.76,93348.457,86571.03,55981.4385,57714.02,253982.4233,0.0,68.6437,63.0,12952093.0797,22803144.72,750358.9651,1927418.96,13702452.0448,24730563.68,17815148.725,1761204.57
Technology,2026-10,Oct,2026,40618.5587,37476.64,0.101,0.3871,0.0148,0.0145,3021690.6491,3048308.81,8.0,7.0,1029625.1868,990437.0,19.3497,17.0,1529978.8303,1563330.0,23.5882,20.0,2263434.8905,2270733.0,12.8711,11.0,3376407.1267,3418359.0,4.0,4.0,5318190.932,5315942.0,1.444,1.0,9229570.6257,8863610.0,65.374,57.0,5382754.0391,6524421.59,49912.1207,40100.0,3891075.8175,2372138.49,414448.4792,320238.7,88733.7472,70175.0,861569.5133,665028.32,80699.7578,65233.81,69169.4131,55137.5,178863.6653,3645.45,286441.0308,224560.0,52622.2506,50526.0,37332.3183,87366.71,630887.0568,509639.13,635188.5966,481200.0,1973150.2705,935261.94,22425424.9515,20385565.15,137119.5732,111780.98,21141.0801,17822.22,60.7458,62.9,69.1773,60.0,-526017.5889,342934.74,79718.406,65584.11,-141505.1366,218503.76,73044.5572,60966.18,64908.2369,51530.37,269374.5032,0.0,265991.5254,209869.16,41292.0768,32792.06,32264.5772,152415.44,0.7399,0.0,586457.2696,476298.25,304229.5329,449719.63,37554668.2536,29595270.74,2933457.8926,2917540.41,11750847.3643,19051930.05,3.1295,3.0,1.0,2.0,0.9673,0.0,101556.1584,83947.66,-106586.0036,17489.1,34.7263,28.0,37.7739,32.0,1152198.936,1905193.01,576099.4676,952596.5,93384.2007,84322.43,56002.8742,56214.95,205531.5749,0.0,69.1508,62.0,22182540.9266,31644634.38,1053082.0961,2047111.66,23235623.0227,33691746.04,14319045.2309,-4096475.3
Technology,2026-11,Nov,2026,39007.957,37476.64,0.0992,0.0,0.0,0.0,3021690.6491,3048308.81,8.0,7.0,1029625.1868,990437.0,19.015,17.0,1529978.8303,1563330.0,23.2411,20.0,2263434.8905,2270733.0,12.6135,11.0,3376407.1267,3418359.0,4.0,4.0,5323635.7073,5315942.0,1.5255,1.0,9229570.6257,8863610.0,64.8905,57.0,-551705.788,0.0,49026.5293,40100.0,403694.7073,240920.32,393997.1692,320238.7,87149.0594,70175.0,167372.2125,154953.85,79462.2119,65233.81,67935.5848,55137.5,18218.6544,3645.45,281304.7009,224560.0,38719.1375,33684.0,27742.2475,291.22,620809.3106,509639.13,635317.9529,481200.0,395334.3248,99441.78,21972850.2708,20385565.15,171905.1914,145999.64,19429.2496,16040.0,60.6958,63.1,68.1674,60.0,-462848.5518,342934.74,79654.0419,65584.11,4148220.1881,108612.51,72508.2263,60966.18,64297.3248,51530.37,27008.7249,0.0,263420.403,209869.16,40933.0712,32792.06,24347.1925,0.0,0.7523,0.0,581215.3545,476298.25,497966.1498,449719.63,33061324.3318,26059584.55,737424.2116,0.0,11533838.7984,19051930.05,3.1321,3.0,0.0,0.0,-0.4027,0.0,113590.4237,95940.19,-24309.8953,17489.1,34.1202,28.0,37.5239,32.0,1130920.7225,1905193.01,565460.3609,952596.5,92020.8696,112429.91,55185.2791,56214.95,-85573.7819,0.0,69.1773,60.0,13501917.8646,22078364.42,5440663.4181,1949212.94,18942581.2827,24027577.36,14118743.0491,2032007.19
Technology,2026-12,Dec,2026,39007.957,36976.95,0.0992,0.0,0.0,0.0,3021690.649,3048308.81,8.0,7.0,1029625.1868,990437.0,18.9369,17.0,1529978.8303,1563330.0,23.15,20.0,2263434.8905,2270733.0,12.6135,11.0,3376407.1267,3418359.0,4.0,4.0,5329224.7866,5315942.0,1.5255,1.0,9229570.6257,8863610.0,64.6711,57.0,1365135.3795,1879790.43,49008.8315,39565.33,14106256.9877,8776912.42,276819.1351,197480.53,87133.7589,69239.33,234678.8098,183680.63,79440.5878,64364.02,67919.492,54402.33,18218.675,3645.45,281274.7568,221565.87,31462.0883,16617.44,28229.855,87366.71,620754.0444,502843.94,635410.3687,469170.0,1569642.9582,1074186.4,21971967.8021,20113757.62,32991.5232,23633.69,17565.421,13901.33,60.7458,63.3,68.1581,60.0,-314332.8005,338362.28,79513.2184,64709.66,277343.4535,128748.1,72493.2222,60153.29,64287.2035,50843.3,27008.7971,0.0,263412.4997,207070.9,40922.9277,32354.83,23496.1122,152415.44,0.0,0.0,581201.6445,469947.61,492561.6552,438476.64,42334073.6032,35070686.9,1589143.2926,686006.89,11533108.1437,18797904.32,3.1348,3.0,0.0,0.0,-0.4027,0.0,52436.5767,41414.18,-26232.1921,17051.87,33.9993,28.0,37.5239,32.0,1130849.08,1879790.43,565424.5396,939895.22,92008.4144,110930.84,55177.8097,55465.42,-85573.785,0.0,68.1674,60.0,16268768.9868,24502198.99,1649624.1628,1886109.61,17918393.1496,26388308.6,24415680.4536,8682378.3
Operations,2026-01,Jan,2026,56993.323,59962.62,0.0122,0.1875,0.0,0.0,1191360.1765,1184872.83,38.1859,39.0,484375.9662,484376.0,42.9035,43.0,698071.9954,698072.0,28.0,29.0,1067604.9993,1067605.0,14.0,13.0,1682372.7888,1682373.0,4.041,4.0,2734877.1011,2734924.0,2.6436,3.0,4382695.2371,4382727.0,124.6396,124.0,3315160.9223,710923.7,62554.2724,64160.0,391392.2052,207460.46,54280.9065,51865.12,70921.2671,89824.0,91892.1937,28515.56,24781.0564,25356.28,86140.2066,88220.0,138136.3916,127590.91,153583.5228,157192.0,23499.2318,26947.2,18808.1405,271.67,309054.1397,316953.48,801102.8895,877521.67,85894.4169,30922.29,12348315.7428,12678139.24,18793.8573,11178.1,36588.7918,40501.0,60.7118,60.5,129.8881,131.0,331045.9203,88865.46,82531.5066,83947.66,446914.5458,59962.62,23092.1215,23697.46,80948.6827,82448.6,1176712.9231,218613.71,271233.4141,146908.41,51399.0858,52467.29,135841.0802,0.0,0.0856,1.0,291306.8086,296218.21,-898746.1459,820113.71,18115765.8585,16987940.77,-328050.8769,0.0,12818792.061,11848728.26,6.0,7.0,2.0,2.0,4.0955,6.0,28904.5432,29381.68,-671428.3086,44159.97,21.4708,21.0,108.8012,110.0,1258133.6276,1184872.83,629066.8131,592436.41,165834.1856,179887.85,99542.329,89943.93,460255.975,49369.7,128.0,128.0,18554576.117,14656162.68,1270908.4201,2006747.4,19825484.5371,16662910.08,-1709718.6786,325030.69
Operations,2026-02,Feb,2026,56844.2061,61961.37,-0.0052,0.1832,0.0,0.0,1191360.1765,1184872.83,38.8497,40.0,484375.9662,484376.0,43.8321,44.0,698071.9954,698072.0,29.0,29.0,1067604.9993,1067605.0,14.0,13.0,1682372.7888,1682373.0,4.0824,4.0,2734877.1011,2734924.0,1.5668,4.0,4382695.2371,4382727.0,126.5268,127.0,1567560.7093,0.0,63018.6526,66298.67,279411.0849,35729.3,56816.8526,53593.95,67572.8083,92818.13,204828.4623,29466.07,24573.3226,26201.49,86772.5204,91160.67,68666.1543,102072.73,154450.1387,162431.73,22860.7818,27845.44,-1498.0749,339.59,309031.1044,327518.6,802071.8242,903586.67,74255.9618,31953.03,12398400.6991,13100743.88,21396.1039,11550.7,35015.2598,41704.0,60.6101,60.8,132.497,134.0,640630.5302,91827.64,83872.5701,86745.92,643323.8831,61961.37,23206.9705,24487.37,81703.861,85196.88,189356.1685,174890.97,207485.8729,151805.36,51860.8144,54216.2,26535.7555,0.0,0.8891,0.0,296765.3521,306092.15,-1176297.3717,844473.52,18198596.4517,17365928.42,-227954.3978,0.0,12825179.4918,12243685.87,6.0,7.0,1.0,2.0,4.1887,5.0,29049.6709,30361.07,-784622.1729,45471.65,22.8498,22.0,110.162,112.0,1258760.5385,1224368.59,629380.2686,612184.29,169165.1681,185884.11,101541.7585,92942.06,470727.5932,39495.76,129.8881,131.0,16820896.8857,14398560.68,343180.3552,2019491.47,17164077.2409,16418052.15,1034519.2107,947876.27
Operations,2026-03,Mar,2026,57974.6209,63960.12,-0.0064,0.0896,0.0,0.0,1191360.1765,1184872.83,39.5801,41.0,484375.9662,484376.0,44.3321,45.0,698071.9954,698072.0,29.1667,30.0,1067604.9993,1067605.0,14.0,14.0,1682372.7888,1682373.0,4.1242,4.0,2734877.1011,2734924.0,2.0311,3.0,4382695.2371,4382727.0,128.9898,130.0,3496595.449,2023786.96,64404.0431,68437.33,372586.7187,61469.77,624500.9219,705647.82,62854.7867,95812.27,412775.7018,202140.26,24881.2702,27046.7,88455.2117,94101.33,85757.9388,178627.27,156982.5319,167671.47,21520.7787,28743.68,32578.3785,203755.81,312146.4447,338083.71,803175.4091,929651.67,442520.2087,501065.14,12496757.609,13523348.52,23846.1438,11923.3,38315.5765,47674.44,61.5458,61.2,134.8197,137.0,-616529.539,2940193.4,86434.5013,89544.17,724445.4106,177108.87,23451.1358,25277.29,83446.776,87945.17,340183.014,306059.19,212591.4065,156702.31,53128.0062,55965.11,41790.3275,118487.28,0.4576,0.0,305953.4435,315966.09,-1883795.6082,868833.33,19436665.9723,19586515.4,-163428.2112,299995.19,13659802.5519,14662430.44,6.0,7.0,1.0,1.0,4.1515,4.0,28893.324,31340.46,-1081715.1971,46783.33,23.1941,22.0,112.9592,115.0,1340676.7856,1263864.35,670338.3921,631932.17,172130.6659,143910.28,103321.805,95940.19,466551.8974,69117.58,132.497,134.0,19787779.6632,19309464.44,-1665538.7054,5165678.84,18122240.9577,24475143.28,1314425.0145,-4888627.88
Operations,2026-04,Apr,2026,57284.3516,63960.12,-0.0202,0.0,0.1077,0.1035,1307204.6041,1298450.9,39.5801,41.0,545783.4959,543450.0,44.3321,45.0,776607.6341,770672.0,29.1667,30.0,1182754.4979,1165012.0,14.0,14.0,1821582.1413,1827675.0,4.1665,4.0,2926820.8755,2944033.0,1.7645,3.0,4656574.19,4733022.0,128.9898,130.0,5633931.664,969510.01,65493.3411,68437.33,833485.7658,754455.06,563420.8626,755361.71,60399.729,95812.27,264399.2526,30416.59,27202.9355,29639.31,90304.4989,94101.33,40943.0908,18227.27,160712.4771,167671.47,97978.6648,114974.72,11633.609,124.05,333786.3021,370491.32,814308.9794,929651.67,1007765.937,637663.16,13864935.963,14819652.99,200695.7461,206102.83,37929.8093,47674.44,61.5958,61.5,134.5697,137.0,600040.1228,258846.69,87295.1521,89544.17,633813.5664,63960.12,25340.4536,27700.29,85103.5134,87945.17,-661118.9336,0.0,209716.0512,156702.31,53891.443,55965.11,155964.4838,0.0,0.4576,0.0,324252.7739,346253.57,-1853768.5848,868833.33,21118684.2493,21648212.91,-25630.0,305422.77,16054675.4903,13850142.98,6.0,7.0,-0.0,0.0,-0.0,0.0,88610.5953,98498.59,-1068747.0129,46783.33,23.1941,22.0,111.949,115.0,1575727.8079,1385014.3,787863.9031,692507.15,171811.4791,143910.28,103130.2124,95940.19,-0.0006,0.0,134.8197,137.0,24457475.0401,17442447.68,-1418286.508,2164992.8,23039188.5321,19607440.48,-1920504.2828,2040772.43
Operations,2026-05,May,2026,57282.3172,63960.12,-0.0202,0.0,0.0,0.0,1307204.6041,1298450.9,39.5801,41.0,545783.4959,543450.0,44.3321,45.0,776607.6341,770672.0,29.0,30.0,1182754.4979,1165012.0,14.0,14.0,1821582.1413,1827675.0,4.2092,4.0,2926820.8755,2944033.0,1.7567,3.0,4656574.19,4733022.0,128.5021,130.0,1967651.5096,0.0,65550.2395,68437.33,348638.8241,53889.65,94698.3123,97001.37,61638.0991,95812.27,269994.0403,30416.59,27104.096,29639.31,90341.0558,94101.33,30820.2902,7290.91,160747.1125,167671.47,71350.3919,86231.04,-321.0852,124.05,333799.1879,370491.32,813998.7291,929651.67,67244.694,43374.59,13873043.7254,14819652.99,136286.1524,137969.66,42053.3891,52441.89,61.4958,61.8,134.3197,137.0,908523.4397,103876.07,87302.6836,89544.17,500075.5746,63960.12,25518.2463,27700.29,85125.413,87945.17,198837.6944,0.0,225076.8021,156702.31,53928.263,55965.11,11455.1125,0.0,0.392,0.0,324121.2298,346253.57,-1846173.4634,868833.33,19388845.0555,19605849.17,-322450.2088,0.0,13881017.2499,13850142.98,6.0,7.0,-0.0,0.0,-0.0,0.0,71366.2168,80589.76,-1065605.1346,46783.33,22.9441,22.0,112.2425,115.0,1362388.4765,1385014.3,681194.2376,692507.15,171492.2915,143910.28,102938.6194,95940.19,-0.0001,0.0,134.5697,137.0,17855687.2881,16167514.9,-374620.7174,1992113.35,17481066.5706,18159628.25,1907778.4849,1446220.92
Operations,2026-06,Jun,2026,57538.0922,63460.44,0.0041,0.0876,0.0,0.0,1307204.6041,1298450.9,38.9405,41.0,545783.4959,543450.0,43.5821,45.0,776607.6341,770672.0,29.0,30.0,1182754.4979,1165012.0,14.0,14.0,1821582.1413,1827675.0,4.2523,4.0,2926820.8755,2944033.0,1.5031,2.0,4656574.19,4733022.0,126.5021,129.0,1677580.2167,0.0,65209.4118,67902.67,316181.5035,53468.63,65309.2516,60152.21,65267.8815,95063.73,939409.6679,933858.73,27069.7647,29407.75,89923.2154,93366.17,28747.0621,3645.45,160102.3771,166361.53,47481.5679,57038.24,4512.8087,248.1,333005.5649,367596.86,817590.5646,912275.0,63913.7538,43035.73,13849322.5811,14703874.45,36205.5715,23660.31,52026.4333,60818.33,61.5708,62.1,132.3197,136.0,868703.8046,103064.54,86716.9936,88844.61,755630.6409,392744.32,25400.3643,27483.88,84609.7623,87258.1,198837.7012,0.0,223676.1378,155478.07,53562.2386,55527.88,17264.3519,0.0,0.0,0.0,321790.5522,343548.47,-839450.7097,852593.46,20036879.1988,20203917.5,-313317.6165,0.0,13875856.4119,13741938.74,6.0,7.0,2.0,1.0,-0.0,0.0,29087.5992,31095.61,-639025.5625,45908.88,18.9441,24.0,116.226,112.0,1361881.9527,1374193.87,680940.9756,687096.94,168938.7981,142785.98,101405.8794,95190.65,-0.0006,0.0,134.3197,137.0,17570550.9692,16041206.18,1227077.6146,2247008.26,18797628.5839,18288214.44,1239250.6149,1915703.06
Operations,2026-07,Jul,2026,58242.9465,63960.12,-0.0202,0.0,0.0,0.0,1307204.6041,1298450.9,39.5801,42.0,545783.4959,543450.0,44.3321,46.0,776607.6341,770672.0,29.0,31.0,1182754.4979,1165012.0,14.0,14.0,1821582.1413,1827675.0,4.2959,4.0,2926820.8755,2944033.0,1.7515,2.0,4656574.19,4733022.0,128.5618,132.0,1965787.3552,0.0,66374.5362,68437.33,352581.5727,53889.65,65157.79,60625.85,64802.8083,95812.27,242294.8549,30416.59,27401.0023,29639.31,91463.5885,94101.33,321925.6816,382772.73,162873.2017,167671.47,23291.6292,28743.68,-587.8721,223287.18,337042.1762,370491.32,820556.3076,920963.33,60754.808,36145.5,13963278.1384,14819652.99,32092.4313,17884.96,53178.9143,61397.56,61.8458,62.3,134.0697,139.0,875186.0786,103876.07,87518.0025,89544.17,475297.6927,63960.12,25740.3488,27700.29,86160.5688,87945.17,79851.2365,131168.22,264421.3997,156702.31,54617.7853,55965.11,10377.7707,129845.09,0.0215,0.0,319057.22,346253.57,-1571340.2331,860713.4,20504922.0958,20024135.64,-298169.0804,0.0,15541612.7153,13850142.98,6.0,7.0,-0.0,0.0,1.9527,3.0,30533.9303,31340.46,-961633.6828,46346.11,23.9441,24.0,111.0859,115.0,1525371.9298,1385014.3,762685.9641,692507.15,171173.1053,143910.28,102747.0272,95940.19,219443.1847,32461.27,132.3197,136.0,20001029.9718,16329821.26,-176346.7063,2065475.12,19824683.2654,18395296.38,680238.8304,1628839.26
Operations,2026-08,Aug,2026,58762.8377,63960.12,-0.0202,0.0,0.0,0.0,1307204.6041,1298450.9,40.5801,43.0,545783.4959,543450.0,45.0821,47.0,776607.6341,770672.0,30.0,31.0,1182754.4979,1165012.0,14.0,14.0,1821582.1413,1827675.0,4.3399,4.0,2926820.8755,2944033.0,2.0007,4.0,4656574.19,4733022.0,130.9301,136.0,2402533.0348,0.0,67078.3025,68437.33,400829.4832,53889.65,63027.328,60625.85,60175.7014,95812.27,345081.8756,74355.46,27679.5606,29639.31,92356.8371,94101.33,96863.5773,7290.91,164272.7824,167671.47,48149.9027,57487.36,35241.3633,372.15,338806.8859,370491.32,816725.32,920963.33,59351.9853,36145.5,14024908.2425,14819652.99,104568.5356,95812.27,52457.1452,61397.56,61.7958,62.5,137.0697,143.0,896321.6504,103876.07,88971.6361,89544.17,542190.501,130295.78,26101.3775,27700.29,87186.2033,87945.17,389771.6334,0.0,246808.6102,156702.31,55328.5688,55965.11,144120.3033,0.0,0.0,0.0,324582.5476,346253.57,-2090700.9257,860713.4,20174317.2495,19491855.79,-301852.4906,0.0,14321422.6064,13850142.98,6.0,7.0,0.0,0.0,3.0473,4.0,63039.9594,67158.13,-1179120.1886,46346.11,24.6941,25.0,113.2266,118.0,1405613.2036,1385014.3,702806.6011,692507.15,175003.3457,143910.28,105046.1373,95940.19,342459.9523,0.0,134.0697,139.0,19297152.6938,16167514.9,-490755.5889,2036460.23,18806397.1049,18203975.13,1367920.1446,1287880.66
Operations,2026-09,Sep,2026,57416.5275,66458.57,-0.0096,0.1678,0.0,0.0,1307204.6041,1298450.9,41.153,43.0,545783.4959,543450.0,45.8321,47.0,776607.6341,770672.0,30.1667,31.0,1182754.4979,1165012.0,15.0,14.0,1821582.1413,1827675.0,4.3843,4.0,2926820.8755,2944033.0,1.7503,4.0,4656574.19,4733022.0,132.8457,136.0,2804487.991,0.0,66819.659,71110.67,455480.0862,55994.71,71873.5007,75592.86,55391.3537,99554.93,378690.9458,31604.74,27539.9612,30797.09,92023.0658,97777.17,41035.8148,127590.91,163695.3164,174221.13,99674.1462,119465.92,-1193.6425,124.05,337947.1305,384963.64,810381.3972,964405.0,402782.6069,334546.13,14005224.4167,15398545.68,145356.8123,143359.1,44297.0893,54402.33,61.0708,62.7,138.8197,143.0,867760.7962,107933.73,87957.1548,93041.99,484824.0574,66458.57,26045.2026,28782.33,86974.2227,91380.53,3269709.5266,218613.71,2082693.0036,162823.49,55180.2553,58151.25,8696.9548,0.0,0.0,0.0,320347.2856,359779.1,-3076042.5577,901313.08,20502504.2285,20808534.84,-120208.5753,320476.44,13962763.6155,14391164.19,6.0,7.0,1.0,2.0,3.1596,2.0,75518.7702,83737.79,-1596019.8485,48532.24,23.6941,24.0,116.1283,119.0,1370411.6858,1439116.42,685205.8422,719558.21,177237.654,149531.78,106387.2856,99687.85,355079.6777,54102.12,137.0697,143.0,19350062.1313,17173637.01,2742364.3964,2287006.38,22092426.5277,19460643.39,-1589922.2992,1347891.45
Operations,2026-10,Oct,2026,59097.1529,68457.32,-0.0202,0.0,0.0156,0.0158,1324082.5398,1316963.71,41.5134,43.0,553631.3836,553600.0,46.3321,48.0,792329.3748,784155.0,30.1667,32.0,1193866.7832,1178916.0,15.0,14.0,1839090.4619,1851084.0,4.4293,4.0,2955134.5808,2975014.0,2.5001,3.0,4705589.3743,4782816.0,134.2737,137.0,3956231.547,601413.43,68974.202,73249.33,2081090.2503,1872035.98,99859.4068,105302.02,55720.0364,102549.07,1547878.3763,1191673.93,28602.1438,32175.62,94862.4577,100717.83,99621.2116,102072.73,168546.0669,179460.87,76287.6474,92294.16,3335.0754,125.82,347599.1789,402195.23,821999.1124,999158.33,813029.6953,907265.29,14555418.5637,16087809.22,102415.1047,89331.63,41587.4922,51238.89,60.7458,62.9,140.5697,144.0,984016.2033,112765.02,90480.4488,95840.25,958219.5303,391540.06,27018.3921,30070.67,89751.8027,94128.82,625882.8,174890.97,111085.9475,167720.44,57051.0147,59900.16,-12522.0667,0.0,0.392,0.0,327525.3878,375883.39,-3334189.3749,933792.83,24185504.6332,25102115.63,183057.144,434554.64,14562302.1995,15035335.72,6.0,7.0,-0.0,0.0,2.2517,1.0,61893.3871,67088.17,-1715806.0442,50281.15,23.6941,23.0,117.6286,121.0,1429254.9567,1503533.57,714627.4776,751766.79,179471.9607,154028.97,107728.4331,102685.98,253049.3294,43898.79,138.8197,143.0,21373200.9813,18627217.89,-1657973.3518,2622359.25,19715227.6295,21249577.14,4470277.0037,3852538.49
Operations,2026-11,Nov,2026,59249.2865,68457.32,-0.0202,0.0,0.0,0.0,1324082.5398,1316963.71,41.318,43.0,553631.3836,553600.0,45.8321,47.0,792329.3748,784155.0,30.1667,31.0,1193866.7832,1178916.0,15.0,14.0,1839090.4619,1851084.0,4.4746,4.0,2955134.5808,2975014.0,2.7501,4.0,4705589.3743,4782816.0,133.7679,136.0,3061858.0638,0.0,68964.6976,73249.33,611468.6544,190128.65,93130.3711,105302.02,56298.4842,102549.07,635885.5536,267574.04,28640.124,32175.62,94869.0107,100717.83,27365.0285,3645.45,168578.4348,179460.87,48802.2455,61529.44,122.7283,125.82,347731.9385,402195.23,824668.978,999158.33,88699.2618,78477.12,14558464.2661,16087809.22,128867.3657,116678.05,37004.1109,46115.0,60.6958,63.1,140.0697,143.0,757115.251,112765.02,90487.7938,95840.25,1367522.2379,187551.89,26953.559,30070.67,89726.7319,94128.82,198837.7105,0.0,82348.3522,167720.44,57017.0589,59900.16,14716.6176,0.0,0.5866,1.0,327632.8628,375883.39,-3320633.1679,933792.83,21034884.6166,21541827.95,-367532.8152,0.0,14420147.8392,15035335.72,6.0,7.0,-0.0,0.0,-0.0,0.0,70460.6158,76672.2,-1710126.2241,50281.15,23.6941,23.0,117.1581,120.0,1415302.8479,1503533.57,707651.4232,751766.79,178833.5869,205371.96,107345.2478,102685.98,-0.0006,0.0,140.5697,144.0,19538322.8108,17598694.02,-1903407.9318,2253064.14,17634914.879,19851758.16,3399969.7376,1690069.79
Operations,2026-12,Dec,2026,59126.0538,68457.32,-0.0202,0.0,0.0,0.0,1324082.5398,1316963.71,41.318,43.0,553631.3836,553600.0,45.8321,47.0,792329.3748,784155.0,30.1667,31.0,1193866.7832,1178916.0,15.0,14.0,1839090.4619,1851084.0,4.5205,4.0,2955134.5808,2975014.0,2.5,4.0,4705589.3743,4782816.0,133.8276,136.0,7062903.8578,1503533.57,68781.6453,73249.33,6592540.1535,7020134.93,59806.8672,65813.76,55760.576,102549.07,707798.5209,380049.94,28569.9002,32175.62,94633.4179,100717.83,27389.8717,3645.45,168172.0487,179460.87,21268.8462,30764.72,5504.0277,125.82,347149.1221,402195.23,823539.6302,999158.33,554010.413,726150.98,14544771.9912,16087809.22,41921.9735,19142.49,32176.4274,40991.11,60.7458,63.3,139.8197,143.0,-1348641.6381,112765.02,90387.6574,95840.25,788005.7189,266390.14,26822.659,30070.67,89489.9188,94128.82,198837.711,0.0,120501.219,167720.44,56849.4781,59900.16,15772.0502,0.0,0.1306,0.0,328359.2318,375883.39,-3557081.5804,933792.83,26453721.3018,28937632.73,-132687.3201,463741.28,14239716.6274,15035335.72,6.0,7.0,0.0,0.0,-0.0,0.0,31889.3721,33544.09,-1808939.4815,50281.15,23.4441,23.0,117.6019,120.0,1397593.9582,1503533.57,698796.9784,751766.79,178514.4008,205371.96,107153.6557,102685.98,-0.0004,0.0,140.0697,143.0,23567764.2079,19565968.87,-4924393.6799,2288774.28,18643370.528,21854743.15,7810350.7739,7082889.58
Finance,2026-01,Jan,2026,9346.8223,8494.7,0.1307,0.9231,0.0,0.0,3665177.3108,3681418.78,2.1694,3.0,977342.959,977343.0,6.0933,6.0,1521604.7572,1521838.0,8.2013,9.0,2283021.9999,2283022.0,6.0,6.0,3707330.4504,3703273.0,2.0,2.0,5953191.0746,5953191.0,1.0,1.0,10470615.9999,10470616.0,26.4877,27.0,-372905.6999,312920.6,10174.9417,9089.33,54292.8786,91315.92,115141.8379,91315.92,23968.5487,22268.87,-18592.4153,4039.7,63722.6707,55804.17,13952.484,12497.83,-230232.4782,3645.45,34117.745,31812.67,4052.3344,3817.52,8928.3283,844.1,150052.0407,139510.43,145946.2103,165078.33,13806.0086,13610.77,5915041.1478,5580417.29,785.8935,2262.23,4844.8419,5213.0,60.7118,60.5,26.4877,27.0,156314.7833,156460.3,22871.1994,20812.02,1060491.7397,8494.7,57373.0947,52153.43,12480.9959,11680.22,-18212.8688,474541.52,41659.9565,29731.46,7888.7143,7432.87,8002.793,0.0,-0.0332,0.0,135183.3926,130383.58,37176.2697,154278.82,6695921.1764,7105587.09,-6756.7645,0.0,6056408.1977,5927155.55,0.0,0.0,1.0,2.0,2.0,3.0,6038.0084,5946.29,-35603.4649,5683.96,7.5837,6.0,18.594,21.0,600436.7869,521534.33,300218.3932,260767.16,28479.6084,25484.11,17082.0981,12742.06,92510.022,1186353.81,26.0,26.0,6723475.4349,8246957.62,1493008.6432,1066093.87,8216484.078,9313051.49,-1520562.9017,-2207464.4
Finance,2026-02,Feb,2026,8290.3086,8494.7,0.1248,0.4444,0.0,0.0,3665178.2151,3681418.78,2.0,3.0,977342.959,977343.0,6.0933,6.0,1521604.7572,1521838.0,7.9083,9.0,2283021.9999,2283022.0,6.0,6.0,3711424.3459,3703273.0,2.0,2.0,5953191.0745,5953191.0,1.0,1.0,10470615.9999,10470616.0,25.9957,27.0,-669699.9679,0.0,9872.1321,9089.33,-32960.8987,15219.32,73389.4337,91315.92,22245.0455,22268.87,-18631.7188,4039.7,63312.6246,55804.17,13589.4979,12497.83,-70750.7585,3645.45,31468.2165,31812.67,2867.3407,3817.52,8309.8047,1055.12,148942.371,139510.43,144929.2458,165078.33,12628.0508,13610.77,5638888.7134,5580417.29,434.2755,2262.23,4852.3199,5213.0,60.6101,60.8,25.9957,27.0,107534.9082,156460.3,21347.4757,20812.02,843931.2681,8494.7,57539.6175,52153.43,12296.0024,11680.22,-68247.1714,0.0,105808.3153,29731.46,7646.2189,7432.87,23152.2542,0.0,-0.2688,0.0,135601.467,130383.58,214281.1217,154278.82,6871773.4698,7031830.76,16301.5988,0.0,5444386.7945,5215343.27,0.0,0.0,1.0,1.0,1.0,1.0,4705.741,5946.29,11610.8454,5683.96,8.1084,6.0,17.5026,21.0,539760.5325,521534.33,269880.266,260767.16,27950.6013,25484.11,16764.7991,12742.06,46255.011,0.0,26.4877,27.0,5714751.8894,6035870.93,1462346.1186,591552.35,7177098.008,6627423.28,-305324.5382,404407.48
Finance,2026-03,Mar,2026,8108.2479,6495.95,0.1248,0.4444,0.0,0.0,3665179.1194,3681418.78,2.0,3.0,977342.959,977343.0,5.0,6.0,1521604.7573,1521838.0,7.5463,8.0,2283021.9999,2283022.0,6.0,6.0,3715578.5035,3703273.0,2.0,2.0,5953191.0745,5953191.0,1.0,1.0,10470615.9999,10470616.0,24.3906,26.0,-348042.2513,694700.32,9230.0835,6950.67,-53234.6705,19397.17,919653.8103,813061.04,21614.4665,17029.13,5917.4745,20099.25,61357.6833,42673.78,12682.6223,9557.17,108415.0255,3645.45,30703.4522,24327.33,2950.0512,2919.28,27030.0422,316536.28,144598.7357,106684.45,146564.1881,126983.33,41281.1891,33306.36,5573130.455,4267377.93,889.2223,1729.94,5316.9673,4455.56,61.5458,61.2,24.3906,26.0,167466.407,1204886.14,20571.0327,15915.08,683975.4046,17610.32,57542.0453,39882.04,11974.015,8931.93,-54591.8361,0.0,213572.1244,22735.83,7536.6932,5683.96,23724.1703,184070.94,-0.2688,0.0,136389.4266,99705.09,171773.7843,118676.01,8411693.445,6487847.5,16301.9075,0.0,5313981.5402,4682903.99,0.0,0.0,1.0,1.0,0.0,0.0,4867.5946,4547.17,57640.1722,4372.27,7.1084,6.0,16.904,20.0,526832.0591,398820.37,263416.0293,199410.18,26224.8571,14615.89,15729.696,9743.93,0.0,0.0,25.9957,27.0,5838168.0083,6184265.62,1486825.1116,1549441.79,7324993.1199,7733707.41,1086700.3251,-1245859.91
Finance,2026-04,Apr,2026,8110.0276,6495.95,0.1272,0.0,0.0984,0.0965,3964249.8999,4012839.78,2.0,2.0,1103771.2396,1086808.0,5.0,6.0,1676526.1039,1677518.0,7.1928,8.0,2477607.819,2514100.0,6.0,6.0,4011023.6188,4033183.0,2.0,2.0,6117085.9043,6407048.0,1.0,1.0,11260281.5115,11237468.0,23.3116,25.0,97690.3114,304307.02,9154.1941,6950.67,228643.3929,236806.19,1520379.7286,1068016.57,21611.5889,17029.13,-15269.2563,3089.19,66996.4808,46515.5,12686.3705,9557.17,122188.6965,18227.27,30716.0347,24327.33,14683.2211,11677.12,-24376.3265,383.37,160691.1758,116288.75,156029.199,126983.33,57195.5352,45380.98,5714107.9719,4651550.11,40561.447,29903.31,5375.2457,4455.56,61.5958,61.5,23.3116,25.0,432231.019,365986.99,21012.2704,15915.08,277657.3544,6495.95,57265.8021,43472.43,12302.6223,8931.93,-105207.7619,0.0,380624.552,22735.83,7683.1658,5683.96,20864.9325,0.0,0.1658,1.0,154683.6408,108681.08,223407.1008,118676.01,9877537.2787,7149411.49,20727.6428,0.0,5999722.2411,4347243.09,0.0,0.0,0.0,0.0,0.0,0.0,18588.9947,14291.09,42658.7418,4372.27,7.1084,6.0,16.9664,19.0,594816.8993,434724.31,297408.4494,217362.15,25064.6415,14615.89,15033.7975,9743.93,0.0,0.0,24.3906,26.0,7071328.9154,5327996.39,1531017.5299,721738.57,8602346.4454,6049734.96,1275190.8333,1099676.53
Finance,2026-05,May,2026,8109.9885,6495.95,0.1272,0.0,0.0,0.0,3964249.9893,4012839.78,2.0,2.0,1103771.2396,1086808.0,5.0,6.0,1676526.1039,1677518.0,7.2976,8.0,2477607.819,2514100.0,6.0,6.0,4015289.9215,4033183.0,2.0,2.0,6117085.9043,6407048.0,1.0,1.0,11260281.5115,11237468.0,22.3297,25.0,-324189.7352,0.0,9039.3127,6950.67,-57726.6125,16914.73,114298.0482,121786.04,21483.7193,17029.13,-15113.7789,3089.19,66762.2858,46515.5,12504.7024,9557.17,111204.461,7290.91,30550.8424,24327.33,10632.0668,8757.84,15920.5681,383.37,159730.3428,116288.75,157061.0812,126983.33,16182.6968,13614.29,5709984.2239,4651550.11,27349.8203,20017.92,6023.3635,4901.11,61.4958,61.8,22.3297,25.0,-25915.0603,130417.29,21266.3148,15915.08,110141.4548,6495.95,57268.2297,43472.43,12455.1006,8931.93,-55687.4133,0.0,500512.5178,22735.83,7812.6421,5683.96,23950.0479,0.0,-0.2688,0.0,156761.0434,108681.08,216984.7055,118676.01,8673434.1836,5926271.68,19579.9711,0.0,5941364.2653,4347243.09,0.0,0.0,0.0,0.0,-0.0,0.0,15267.2043,11692.71,16422.19,4372.27,6.8921,6.0,16.8803,19.0,589031.2464,434724.31,294515.6229,217362.15,24008.9116,14615.89,14400.5696,9743.93,-0.0,0.0,23.3116,25.0,6582660.8995,5023689.37,1041398.918,483570.49,7624059.8175,5507259.86,1049374.3661,419011.82
Finance,2026-06,Jun,2026,8109.9885,6495.95,0.1272,0.0,0.0,0.0,3964250.0787,4012839.78,2.0,2.0,1103771.2396,1086808.0,5.0,6.0,1676526.1039,1677518.0,7.2122,8.0,2477607.819,2514100.0,6.0,6.0,4019609.231,4033183.0,2.0,2.0,6117085.9043,6407048.0,1.0,1.0,11260281.5115,11237468.0,21.2535,25.0,-324189.7554,0.0,9046.7431,6950.67,-57726.6124,16914.73,60622.7004,76116.27,21454.8864,17029.13,77028.1625,81968.4,66450.2997,46515.5,12509.7175,9557.17,107627.149,3645.45,30502.9849,24327.33,6866.4831,5838.56,-37062.8266,766.74,159754.8076,116288.75,156499.5935,126983.33,16079.5456,13614.29,5709827.1923,4651550.11,5015.7267,3459.89,7342.63,5792.22,61.5708,62.1,21.2535,25.0,-10526.7059,130417.29,21850.7853,15915.08,-163432.9267,34472.69,57266.7794,43472.43,12809.66,8931.93,-54659.679,0.0,628280.5154,22735.83,8037.6442,5683.96,20766.2469,0.0,-0.2688,0.0,160054.1916,108681.08,188942.9195,118676.01,9028846.4461,5941844.81,22560.3407,0.0,5946921.8673,4347243.09,0.0,0.0,0.0,0.0,-0.0,0.0,5714.2162,4547.17,-42778.2803,4372.27,6.7391,6.0,17.295,19.0,589582.2312,434724.31,294791.1153,217362.15,22851.8271,14615.89,13706.5492,9743.93,-0.0,0.0,22.3297,25.0,6586990.4223,5023689.37,819669.1081,504401.69,7406659.5304,5528091.06,1622186.9157,413753.75
Finance,2026-07,Jul,2026,9527.4655,6995.64,0.1272,0.0,0.0,0.0,3964250.0787,4012839.78,2.0,3.0,1103771.2396,1086808.0,5.24,6.0,1676526.1039,1677518.0,7.7798,8.0,2477607.819,2514100.0,6.0,6.0,4023980.1328,4033183.0,2.0,2.0,6117085.9043,6407048.0,1.0,1.0,11260281.5115,11237468.0,21.6368,26.0,-887071.0099,0.0,9983.1657,7485.33,3920.437,18215.86,79997.2154,81971.37,23599.3456,18339.07,-19707.983,3326.81,67659.2963,50093.62,13728.1179,10292.33,-5836.7114,127590.91,33688.6574,26198.67,4171.048,3143.84,46357.3821,1150.11,166135.2476,125234.04,157640.0,126983.33,14590.2397,12217.96,6230499.1478,5009361.66,4964.5303,2794.52,7354.9396,5792.22,61.8458,62.3,21.6368,26.0,23425.7171,140449.39,24045.637,17139.31,-620054.2681,6995.64,57084.4983,46816.46,13838.682,9619.0,-64208.9986,327030.09,703245.793,24484.74,8806.7752,6121.18,24120.1829,0.0,-0.2688,0.0,164821.5341,117041.16,-53683.0838,118676.01,9190697.758,6470564.85,-14848.8635,0.0,6601540.5199,5106607.43,0.0,0.0,0.0,0.0,2.0,1.0,6891.8306,4896.95,-112116.5461,4372.27,7.3674,7.0,17.7688,19.0,654481.6084,468164.64,327240.8039,234082.32,23263.9483,15740.19,13953.7399,10493.46,92510.022,741708.7,21.2535,25.0,6835190.9519,6576796.74,161625.0363,830637.84,6996815.9882,7407434.58,2193881.7698,-936869.73
Finance,2026-08,Aug,2026,10235.4846,7995.02,0.1272,0.0,0.0,0.0,3964250.0935,4012839.78,2.1004,3.0,1103771.2396,1086808.0,5.7867,6.0,1676526.1039,1677518.0,7.7266,9.0,2477607.819,2514100.0,6.0,6.0,4028401.5731,4033183.0,2.0,2.0,6117085.9043,6407048.0,1.0,1.0,11260281.5115,11237468.0,21.6591,27.0,-1192296.0009,0.0,10652.0801,8554.67,35413.1871,20818.13,91294.4938,93681.57,24797.5044,20958.93,-13924.3868,8295.55,68508.7212,57249.85,14625.2092,11762.67,32082.4267,102072.73,35429.2951,29941.33,9510.7091,7185.92,9017.095,1150.11,170943.3749,143124.62,157650.6396,152380.0,15488.5538,13963.38,6490925.9412,5724984.75,25709.8891,17109.33,7356.8208,6950.67,61.7958,62.5,21.6591,27.0,62172.9681,160513.59,25541.9052,19587.79,-889380.5833,14536.59,56991.6445,53504.53,14676.0629,10993.15,-29733.5534,87445.48,790985.7596,27982.55,9365.9566,6995.64,27768.4052,0.0,-0.2688,0.0,169231.0904,133761.33,-74495.1757,142411.21,9987906.3978,7426589.46,-14848.7864,0.0,6908466.6553,5350453.04,0.0,0.0,0.0,0.0,1.0,1.0,16357.8767,11992.52,-116743.7066,5246.73,8.3674,7.0,17.9798,20.0,684910.4924,535045.3,342455.2459,267522.65,23287.943,17988.79,13968.1319,11992.52,46255.011,66880.66,21.6368,26.0,6839967.0973,6249882.96,45205.7298,682966.13,6885172.8271,6932849.09,3102733.5706,493740.37
Finance,2026-09,Sep,2026,8858.7966,9993.77,0.1272,0.4444,0.0,0.0,3964250.1083,4012839.78,2.1004,3.0,1103771.2396,1086808.0,5.7867,6.0,1676526.1039,1677518.0,8.2684,9.0,2477607.819,2514100.0,6.0,6.0,4032872.7901,4033183.0,2.0,2.0,6117085.9043,6407048.0,1.0,1.0,11260281.5115,11237468.0,21.4738,27.0,-1450937.0972,0.0,10399.9166,10693.33,60913.6027,26022.66,94892.2051,140522.35,22158.5271,26198.67,-24941.9841,4752.59,67827.5375,71562.31,14424.3213,14703.33,-33881.1433,102072.73,31415.87,37426.67,15754.3282,17964.8,38900.0664,383.37,169499.0749,178905.77,156623.3035,190475.0,28370.5123,34908.44,5714487.4687,7156230.94,31492.1819,30796.8,5453.3719,7351.67,61.0708,62.7,21.4738,27.0,98414.1008,200641.99,24394.3895,24484.74,-1339386.9159,9993.77,57267.8699,66880.66,14524.1544,13741.43,-6993.2843,174890.97,945341.9864,34978.19,9043.3196,8744.55,25349.8309,0.0,0.6004,0.0,168490.9913,167201.66,-89602.1426,178014.02,9625113.1626,9305522.95,-25443.0701,0.0,5826480.804,6688066.3,0.0,0.0,0.0,1.0,1.0,1.0,16593.7327,17988.79,-37080.7941,6558.41,7.7661,7.0,18.9116,20.0,577641.6151,668806.63,288820.8073,334403.31,23088.6999,22485.98,13848.6257,14990.65,46255.011,133761.33,21.6591,27.0,5325105.2267,7862514.2,-130133.7956,914112.95,5194971.431,8776627.15,4430141.7316,528895.8
Finance,2026-10,Oct,2026,8860.3556,9494.08,0.1272,0.0,0.0142,0.0132,4011100.0379,4061299.64,2.1004,3.0,1120831.6457,1107162.0,5.24,6.0,1705116.1515,1707531.0,8.2355,9.0,2505448.8763,2539810.0,6.0,6.0,4084769.3981,4080462.0,2.0,2.0,6175640.3721,6471935.0,1.0,1.0,11386003.3206,11372185.0,20.7695,27.0,460308.5415,257215.64,10332.9275,10158.67,750881.1652,800642.15,148880.5364,180144.48,22112.5605,24888.73,131286.9934,230164.67,68901.9738,68805.18,14356.6231,13968.17,150179.7949,3645.45,31366.7668,35555.33,12093.475,12799.92,-52851.918,116399.75,171740.5346,172012.96,157340.5894,177776.67,58602.5659,67127.01,5792557.893,6880518.48,21677.7243,17698.65,4883.0375,6237.78,60.7458,62.9,20.7695,27.0,163858.8874,192911.73,24630.3767,23260.5,-1425900.1034,75623.61,57218.7267,64303.91,14683.5425,13054.36,-68795.8023,0.0,926577.2217,33229.28,9135.9447,8307.32,21331.948,203064.98,0.1658,0.0,172728.1933,160759.78,-126580.487,166146.42,11084073.3636,9889452.83,660887.2227,0.0,5910497.0972,6430391.1,0.0,0.0,0.0,0.0,0.0,0.0,13216.6488,13291.71,-84584.0072,6121.18,7.7661,7.0,18.8192,20.0,585971.0525,643039.11,292985.526,321519.56,22331.4288,21361.68,13394.4137,14241.12,0.0,0.0,21.4738,27.0,7967707.2305,7890833.19,-314950.5025,766503.88,7652756.728,8657337.07,3431316.6356,1232115.76
Finance,2026-11,Nov,2026,8672.387,9494.08,0.1272,0.0,0.0,0.0,4011099.5682,4061299.64,2.1004,3.0,1120831.6457,1107162.0,5.24,6.0,1705116.1515,1707531.0,8.0114,9.0,2505448.8763,2539810.0,6.0,6.0,4089338.7864,4080462.0,2.0,2.0,6175640.3721,6471935.0,1.0,1.0,11386003.3206,11372185.0,20.1205,27.0,-1146696.9301,0.0,10009.7256,10158.67,81023.2854,81315.22,149466.2418,180144.48,21901.1823,24888.73,10095.2056,36778.68,68340.5791,68805.18,13913.7724,13968.17,139933.8334,3645.45,31109.9214,35555.33,7846.8612,8533.28,41881.5432,388.0,170045.2901,172012.96,156821.9409,177776.67,28682.8234,33563.5,5791709.8635,6880518.48,25926.5113,23116.61,4165.3205,5614.0,60.6958,63.1,20.1205,27.0,173325.1572,192911.73,24166.4416,23260.5,-9726.4208,25779.45,57219.4092,64303.91,14478.7252,13054.36,-54170.5691,0.0,967110.933,33229.28,9071.8926,8307.32,24753.9085,0.0,0.1954,0.0,173110.7541,160759.78,-140657.603,166146.42,10316587.9029,8829059.81,-19571.7938,0.0,5925645.5282,6430391.1,0.0,0.0,0.0,0.0,-0.0,0.0,14875.3676,15190.53,-103935.1109,6121.18,7.6331,7.0,18.263,20.0,587472.8792,643039.11,293736.4393,321519.56,21633.5532,28482.24,12975.8272,14241.12,-0.0,0.0,20.7695,27.0,5699949.4117,7437673.13,1133541.3636,718558.54,6833490.7753,8156231.67,3483097.1275,672828.14
Finance,2026-12,Dec,2026,8673.9331,9494.08,0.1272,0.0,0.0,0.0,4011099.0985,4061299.64,2.1004,3.0,1120831.6457,1107162.0,4.6933,6.0,1705116.1515,1707531.0,7.741,8.0,2505448.8763,2539810.0,6.0,6.0,4093956.9157,4080462.0,2.0,2.0,6175640.3721,6471935.0,1.0,1.0,11386003.3206,11372185.0,20.1548,26.0,-524965.9003,1846876.69,9825.7427,10158.67,2681552.4954,3002408.06,95212.4529,112590.3,21858.5883,24888.73,16342.8819,42469.04,69592.4235,68805.18,13665.4434,13968.17,138085.8935,3645.45,31046.9199,35555.33,3984.9376,4266.64,-55325.0615,388.0,169129.2705,172012.96,154922.2103,177776.67,43298.6347,50345.26,5791463.9567,6880518.48,7761.4711,3792.57,3642.2373,4990.22,60.7458,63.3,20.1548,26.0,190453.7953,1224772.52,23576.4928,23260.5,-1357403.3827,1233605.6,57218.8127,64303.91,14234.4739,13054.36,-54175.7756,0.0,937564.8891,33229.28,8890.2698,8307.32,21708.8212,0.0,0.5746,1.0,172142.3416,160759.78,-165489.5963,166146.42,12494547.9705,11677882.86,-13998.2497,0.0,5929969.4512,6430391.1,0.0,0.0,0.0,0.0,-0.0,0.0,6817.4899,6645.86,-114318.6468,6121.18,7.6331,7.0,17.9214,19.0,587901.5561,643039.11,293950.7778,321519.56,21670.4695,28482.24,12997.9697,14241.12,-0.0,0.0,20.1205,27.0,6329234.8955,9284549.82,-271814.9032,2949700.81,6057419.9922,12234250.63,6437127.9783,-556367.77
HR,2026-01,Jan,2026,9372.0244,10993.15,0.1023,0.6,0.0,0.0,2029878.9345,2031569.82,2.0,2.0,662205.9907,662325.0,7.0,6.0,984741.9601,984742.0,7.0232,7.0,1493987.9613,1494151.0,4.0005,4.0,2269634.4782,2269581.0,1.0,1.0,3650210.2201,3652642.0,1.0,1.0,5868856.9912,5868857.0,20.8556,20.0,-2898.6123,223472.68,10878.787,11762.67,123065.6862,65213.39,16607.3748,22824.69,8375.4556,8233.87,-976.6025,5227.85,4476.2471,4782.32,14855.7969,16173.67,29606.8425,3645.45,21905.6685,20584.67,5350.9963,4940.32,11561.4162,465.81,86723.7214,99631.57,170802.2769,149706.67,10816.8558,9720.15,4341791.0705,3985262.8,444.089,1463.8,7015.2848,6416.0,60.7118,60.5,20.8556,20.0,3045.973,39107.72,7487.7078,7695.2,-132712.3768,10993.15,4341.4517,4469.45,13657.2306,15115.58,215080.9328,0.0,32329.0535,19238.01,8590.5077,9619.0,10977.0752,0.0,-0.7143,0.0,86595.5328,93113.62,132129.9164,139912.77,4768232.5034,5059618.48,20408.3661,0.0,3895482.396,3724544.68,0.0,0.0,1.0,1.0,2.0388,1.0,3629.3557,3847.6,-116.0861,6995.64,5.0,5.0,15.8952,15.0,382929.469,372454.47,191464.734,186227.23,32809.8949,32979.44,19673.5795,16489.72,217377.1189,0.0,20.0,20.0,4768224.0213,4556168.22,383431.2237,361100.89,5151655.245,4917269.11,-383422.7415,142349.37
HR,2026-02,Feb,2026,11453.7857,10493.46,0.0944,0.6,0.0,0.0,2029878.9345,2031569.82,3.0,2.0,662205.9908,662325.0,6.75,6.0,984741.9601,984742.0,7.0465,7.0,1493987.9613,1494151.0,4.0005,4.0,2269635.4677,2269581.0,1.0,1.0,3650147.7144,3652642.0,1.0,1.0,5868856.991,5868857.0,22.1712,20.0,-171584.9303,0.0,13049.7015,11228.0,129134.5058,10374.86,15960.9723,21787.2,8306.2669,7859.6,5462.6193,4990.22,5282.4105,4564.94,17967.8809,15438.5,86218.0901,3645.45,21389.0893,19649.0,5193.5005,4715.76,-2493.796,582.26,105025.601,95102.86,171116.3697,140350.0,11572.3941,9278.33,4325902.0009,3804114.49,-194.0744,1397.26,6157.921,6015.0,60.6101,60.8,22.1712,20.0,-62162.1825,37330.1,7459.2924,7345.42,-49660.5901,10493.46,4199.0748,4266.3,16496.8579,14428.5,120913.1207,0.0,14363.5478,18363.55,9844.656,9181.78,-378.6709,0.0,-0.0,0.0,101405.0677,88881.18,146830.7755,131168.22,4428883.3864,4776605.37,19829.7091,0.0,3452085.6515,3555247.19,0.0,0.0,1.0,1.0,2.2084,1.0,3880.6376,3672.71,-3044.9042,6558.41,5.0,6.0,15.5189,14.0,339343.165,355524.72,169671.582,177762.36,34879.529,31480.37,20914.5804,15740.19,235457.0228,0.0,20.8556,20.0,4100217.6386,4135754.83,321979.1391,342183.09,4422196.7777,4477937.92,6686.6087,298667.45
HR,2026-03,Mar,2026,10979.7131,10493.46,0.0966,0.0,0.0,0.0,2029878.9346,2031569.82,3.0,2.0,662205.9908,662325.0,6.75,6.0,984741.9601,984742.0,7.0699,7.0,1493987.9613,1494151.0,4.4787,4.0,2269633.0456,2269581.0,1.0,1.0,3650204.634,3652642.0,1.0,1.0,5868856.991,5868857.0,22.1169,20.0,-129874.6819,580163.34,12467.729,11228.0,146543.835,17291.43,265342.1154,232516.09,8061.1083,7859.6,23038.2023,27875.02,5094.2361,4564.94,17183.7195,15438.5,-16160.4835,3645.45,20406.6667,19649.0,4361.1714,4715.76,160368.6854,582.26,100902.4427,95102.86,170604.7769,140350.0,30382.7765,29690.65,4263237.8484,3804114.49,-568.2873,1397.26,6423.0145,6683.33,61.5458,61.2,22.1169,20.0,-1897.6158,853229.54,7330.3293,7345.42,-51428.737,24423.21,4134.3448,4266.3,15678.2711,14428.5,-19871.4788,0.0,23966.7509,18363.55,9397.6536,9181.78,95372.4745,0.0,0.0,0.0,97289.872,88881.18,171504.3305,131168.22,4863588.7365,5037748.18,19314.1847,0.0,3285028.1296,4135410.53,0.0,0.0,0.0,0.0,0.0411,0.0,3041.5471,3672.71,-15667.3601,6558.41,5.0,6.0,15.4628,14.0,322921.2584,355524.72,161460.6287,177762.36,34794.1214,23610.28,20863.368,15740.19,4380.2193,0.0,22.1712,20.0,3814259.7027,5288211.42,254457.6207,1172012.28,4068717.3234,6460223.7,794871.4131,-1422475.52
HR,2026-04,Apr,2026,11000.6942,10493.46,0.0966,0.0,0.0983,0.1012,2207759.548,2224527.44,3.0,2.0,732657.9705,740686.0,6.75,6.0,1094258.6035,1092033.0,7.0934,7.0,1626676.3112,1646205.0,4.4787,4.0,2557009.5543,2480551.0,1.0,1.0,3895911.9709,3909003.0,1.0,1.0,6458971.136,6286761.0,21.9287,20.0,130833.7042,969330.78,13201.7017,11228.0,305253.7657,212058.13,301532.2096,368257.4,7772.4116,7859.6,-2796.8618,4990.22,5781.9382,4998.51,18151.8182,15438.5,-322.927,18227.27,19946.8819,19649.0,17478.0823,18863.04,24859.0714,212.52,110542.2979,104135.69,177951.578,140350.0,40956.6891,40638.32,4603436.8907,4165427.63,18930.7376,24152.68,5835.5371,6683.33,61.5958,61.5,21.9287,20.0,60186.3369,126194.12,7299.2015,7345.42,-108270.5514,10493.46,4328.8223,4671.51,16646.5619,14428.5,62353.0078,0.0,37177.0843,18363.55,9124.4534,9181.78,20122.7726,0.0,-0.7143,0.0,109899.6894,97323.08,182649.6247,131168.22,5276776.266,5837618.73,18854.9049,0.0,3531141.8589,4938162.27,0.0,0.0,-0.0,0.0,0.0411,0.0,10167.5535,11542.8,-19998.0205,6558.41,5.0,6.0,15.4128,14.0,347114.4622,389292.3,173557.2306,194646.15,34498.002,23610.28,20685.808,15740.19,4380.2178,0.0,22.1169,20.0,4281188.9613,6530781.97,382564.4579,447764.31,4663753.4192,6978546.28,613022.8468,-1140927.55
HR,2026-05,May,2026,10981.2851,10493.46,0.0966,0.0,0.0,0.0,2207759.548,2224527.44,3.0,2.0,732657.9705,740686.0,6.75,6.0,1094258.6035,1092033.0,7.117,7.0,1626676.3112,1646205.0,4.4787,4.0,2557009.5795,2480551.0,1.0,1.0,3895910.6773,3909003.0,1.0,1.0,6458971.136,6286761.0,21.7461,20.0,-129869.2147,0.0,13194.8193,11228.0,144750.7851,15147.01,19106.7283,38170.46,7771.8722,7859.6,-2714.4877,4990.22,5781.9177,4998.51,18152.2883,15438.5,-12200.3594,7290.91,19646.6751,19649.0,13196.5972,14147.28,24858.2098,212.52,110490.0915,104135.69,178057.0132,140350.0,13911.8363,12191.5,4603438.1888,4165427.63,12997.4733,16168.32,6416.2346,7351.67,61.4958,61.8,21.7461,20.0,-34678.8167,40875.69,7308.8482,7345.42,-110544.6461,10493.46,4521.3944,4671.51,16600.434,14428.5,-19884.9257,0.0,51002.1969,18363.55,9032.6767,9181.78,20057.6512,0.0,-0.7143,0.0,109527.9344,97323.08,184911.2191,131168.22,4910210.719,5259740.46,18445.7334,0.0,3435203.9457,3892923.02,0.0,0.0,0.0,0.0,0.0411,0.0,8500.6679,9444.11,-20785.0237,6558.41,5.0,6.0,15.3639,14.0,337683.678,389292.3,168841.8385,194646.15,34210.8166,23610.28,20513.6049,15740.19,4380.2178,0.0,21.9287,20.0,3909468.2715,4516211.94,216493.2447,360347.19,4125961.5162,4876559.13,784249.2028,383181.33
HR,2026-06,Jun,2026,11000.0565,9993.77,0.0966,0.0,0.0,0.0,2207759.548,2224527.44,3.0001,2.0,732657.9705,740686.0,6.75,6.0,1094258.6035,1092033.0,6.9054,7.0,1626676.3112,1646205.0,4.4787,4.0,2557009.6085,2480551.0,1.0,1.0,3895910.5726,3909003.0,1.0,1.0,6458971.136,6286761.0,21.9455,20.0,-88165.9805,0.0,13205.5173,10693.33,156915.3697,14425.72,6157.7635,22720.51,7787.0534,7485.33,140879.0297,143454.89,5782.6795,4760.49,18163.1684,14703.33,-14423.8493,3645.45,19368.5422,18713.33,8867.1075,8982.4,-2644.0014,127513.09,110554.8571,99176.85,178445.5713,130993.33,13911.1665,11610.95,4601970.4669,3967073.93,697.0922,2661.45,7930.8857,8109.11,61.5708,62.1,21.9455,20.0,-34709.2531,38929.23,7317.6648,6995.64,-29092.738,60331.5,4521.4221,4449.05,16637.7601,13741.43,-19888.1211,0.0,36939.1297,17489.1,8933.4757,8744.55,118.9989,111226.37,0.0,0.0,109163.017,92688.64,830191.6604,122423.68,4999945.0328,5244964.27,18081.2034,0.0,3419970.9221,3707545.73,0.0,0.0,0.0,0.0,0.0411,0.0,2899.1513,3497.82,457773.4341,6121.18,5.0,6.0,15.3163,14.0,336186.2579,370754.57,168093.1285,185377.29,34524.4916,22485.98,20701.6917,14990.65,4380.2198,0.0,21.7461,20.0,3913890.9332,4412380.59,1401686.6596,385405.59,5315577.5928,4797786.18,-315632.56,447178.09
HR,2026-07,Jul,2026,10727.0973,9993.77,0.0966,0.0,0.0,0.0,2207759.548,2224527.44,3.0,2.0,732657.9705,740686.0,6.75,7.0,1094258.6035,1092033.0,7.1644,7.0,1626676.3112,1646205.0,5.6235,4.0,2557009.6126,2480551.0,1.0,1.0,3895910.6011,3909003.0,1.0,1.0,6458971.136,6286761.0,22.2039,21.0,-131578.79,0.0,13026.4889,10693.33,145484.5076,14425.72,5911.4723,22720.51,8748.2148,7485.33,-1764.4577,4752.59,5614.7364,4760.49,17817.3273,14703.33,46425.301,18227.27,21476.4835,18713.33,5258.908,4491.2,25254.6282,637.57,106530.1059,99176.85,180871.375,130993.33,12180.2828,9675.79,4874044.2519,3967073.93,27.3912,1996.09,8548.8262,8109.11,61.8458,62.3,22.2039,21.0,-32399.5118,38929.23,8229.887,6995.64,-110177.6715,9993.77,4701.6651,4449.05,16266.3988,13741.43,302076.391,0.0,64500.5387,17489.1,9091.8871,8744.55,20084.8035,0.0,-0.7143,0.0,105859.8488,92688.64,272993.9611,122423.68,5597318.2256,4981121.21,17756.4442,0.0,4384931.2855,3707545.73,0.0,0.0,-0.0,0.0,1.0411,1.0,3657.4101,3497.82,-2441.1017,6121.18,5.0,6.0,15.6639,15.0,431042.7408,370754.57,215521.3698,185377.29,34930.9544,22485.98,20945.4163,14990.65,110997.8432,0.0,21.9455,20.0,5104632.0677,4301154.22,653086.8,335067.86,5757718.8676,4636222.08,-160400.642,344899.13
HR,2026-08,Aug,2026,10709.5832,9993.77,0.0966,0.0,0.0,0.0,2207759.548,2224527.44,3.0,2.0,732657.9705,740686.0,7.5,7.0,1094258.6035,1092033.0,7.1883,7.0,1626676.3112,1646205.0,4.7396,4.0,2557009.612,2480551.0,1.0,1.0,3895910.6043,3909003.0,1.0,1.0,6458971.136,6286761.0,23.6073,21.0,-176770.8831,0.0,13105.6977,10693.33,130457.9117,14425.72,3103.2865,22720.51,9297.9605,7485.33,8935.9318,12089.7,5580.3987,4760.49,17875.7764,14703.33,57924.9256,7290.91,22569.3427,18713.33,10765.5744,8982.4,25255.0692,637.57,105886.2395,99176.85,183668.0116,130993.33,12196.754,9675.79,5008372.5869,3967073.93,10639.931,10693.33,9281.4126,8109.11,61.7958,62.5,23.6073,21.0,-31052.8067,38929.23,8812.2501,6995.64,-83415.9158,21185.22,4931.0935,4449.05,16256.7917,13741.43,117436.7904,0.0,72794.8742,17489.1,9272.4407,8744.55,20083.6407,0.0,-0.7143,0.0,104923.9467,92688.64,236168.1115,122423.68,5469842.9247,4986015.77,17467.1168,0.0,4204951.903,3707545.73,0.0,0.0,-0.0,0.0,1.6248,0.0,9064.6539,7495.33,-4367.1846,6121.18,5.0,6.0,16.577,15.0,413350.6035,370754.57,206675.3012,185377.29,37138.7555,22485.98,22269.2654,14990.65,173227.4353,0.0,22.2039,21.0,4918393.1383,4301154.22,471534.6289,350256.82,5389927.7672,4651411.04,79915.1575,334604.73
HR,2026-09,Sep,2026,9425.4042,9993.77,0.0966,0.0,0.0,0.0,2207759.548,2224527.44,3.0,2.0,732657.9705,740686.0,7.5,6.0,1094258.6035,1092033.0,7.2124,7.0,1626676.3112,1646205.0,4.7396,4.0,2557009.6117,2480551.0,1.0,1.0,3895910.6037,3909003.0,1.0,1.0,6458971.136,6286761.0,22.6392,20.0,-175058.7212,0.0,11817.2539,10693.33,131351.5486,14425.72,8225.3795,27264.62,8830.5057,7485.33,-648.2441,4752.59,5121.3514,4760.49,16093.8693,14703.33,6435.4091,3645.45,21216.5291,18713.33,20478.1289,17964.8,24858.2098,212.52,96064.2893,99176.85,182531.7905,130993.33,20567.5141,19351.58,4869653.176,3967073.93,15797.2153,15398.4,7538.1741,6861.56,61.0708,62.7,22.6392,20.0,-31525.4195,38929.23,8317.8652,6995.64,-101059.9099,9993.77,4792.7842,4449.05,14633.5176,13741.43,101025.373,0.0,311019.5581,17489.1,8229.5237,8744.55,20083.3856,0.0,-0.7143,1.0,95835.7159,92688.64,168903.6771,122423.68,5394663.2897,5002328.67,17209.3557,0.0,4027625.1467,3707545.73,0.0,0.0,1.0,0.0,0.0411,0.0,10065.4199,8994.39,-6254.3423,6121.18,5.0,6.0,16.8747,14.0,395919.2218,370754.57,197959.6103,185377.29,35615.8626,22485.98,21356.1032,14990.65,4380.2222,0.0,23.6073,21.0,4545090.1868,4301154.22,593409.1672,340564.43,5138499.354,4641718.65,256163.9356,360610.02
HR,2026-10,Oct,2026,9538.1112,9993.77,0.0966,0.0,0.0137,0.0133,2234381.3924,2251756.22,3.0,2.0,744437.0995,753355.0,7.5,6.0,1115056.9564,1111057.0,7.2365,7.0,1642792.5967,1663300.0,4.7396,4.0,2587272.0154,2508478.0,1.0,1.0,3935430.7913,3950020.0,1.0,1.0,6550112.759,6357487.0,22.4826,20.0,32116.105,150117.08,11855.6233,10693.33,590560.6496,467273.53,19828.8133,36797.79,8813.6161,7485.33,205018.3679,182161.04,5192.3034,4818.76,16141.8402,14703.33,6435.4412,3645.45,20998.3329,18713.33,15419.2402,13473.6,24860.7401,215.12,97300.373,100390.8,183788.368,130993.33,39313.3242,39176.9,4979279.2814,4015631.93,8802.7063,9315.08,6718.9379,6237.78,60.7458,62.9,22.4826,20.0,-21899.1294,39405.73,8318.6631,6995.64,-89729.8301,59851.39,4839.1558,4503.51,14715.8206,13741.43,-11776.6288,0.0,79145.984,17489.1,8162.3092,8744.55,20083.4432,0.0,-0.7143,0.0,96994.885,93823.18,158286.4587,122423.68,6046461.8894,5703190.62,16979.7167,0.0,4085730.0756,3752927.04,0.0,0.0,0.0,0.0,0.0411,0.0,7852.4402,6995.64,-1756.8897,6121.18,5.0,6.0,16.8316,14.0,401630.9893,375292.7,200815.4941,187646.35,35369.4325,22485.98,21208.338,14990.65,4380.2181,0.0,22.6392,20.0,4818313.8125,4503459.8,262691.3499,390088.8,5081005.1623,4893548.6,965456.7271,809642.02
HR,2026-11,Nov,2026,9530.1467,9993.77,0.0966,0.0,0.0,0.0,2234381.3923,2251756.22,3.0,2.0,744437.0995,753355.0,7.5,6.0,1115056.9564,1111057.0,7.2607,7.0,1642792.5967,1663300.0,4.7396,4.0,2587272.0154,2508478.0,1.0,1.0,3935430.7913,3950020.0,1.0,1.0,6550112.759,6357487.0,22.3307,20.0,-175058.3504,0.0,11853.6547,10693.33,164829.7551,47457.47,22134.9801,36797.79,8798.9537,7485.33,37076.2318,38902.25,5192.3034,4818.76,16141.8354,14703.33,6434.9771,3645.45,20660.674,18713.33,10218.3354,8982.4,24860.7401,215.12,97299.8593,100390.8,183723.6004,130993.33,20804.6113,19588.45,4979279.495,4015631.93,12007.5923,12166.64,5870.2633,5614.0,60.6958,63.1,22.3307,20.0,-30871.0807,39405.73,8312.5929,6995.64,-258839.028,1210466.55,4839.0096,4503.51,14703.3345,13741.43,-19910.4711,0.0,89468.5394,17489.1,8101.4317,8744.55,20083.4586,0.0,-0.7143,0.0,96812.5029,93823.18,151914.0375,122423.68,5524339.391,5120873.73,16775.1318,0.0,4087859.5598,3752927.04,0.0,0.0,0.0,0.0,0.0411,0.0,8965.1228,7995.02,2212.9588,6121.18,5.0,6.0,16.7895,14.0,401840.3195,375292.7,200920.1592,187646.35,35130.4666,29981.31,21065.0485,14990.65,4380.2178,0.0,22.4826,20.0,4612996.0113,4360838.05,85239.097,1541703.34,4698235.1083,5902541.39,826104.2827,-781667.66
HR,2026-12,Dec,2026,9516.0442,9494.08,0.0966,0.0,0.0,0.0,2234381.3923,2251756.22,3.0,2.0,744437.0995,753355.0,6.75,6.0,1115056.9564,1111057.0,7.285,7.0,1642792.5967,1663300.0,4.7396,3.0,2587272.0154,2508478.0,1.0,1.0,3935430.7913,3950020.0,1.0,1.0,6550112.759,6357487.0,21.6137,19.0,211757.3006,356528.07,11783.6853,10158.67,1893834.0914,1664661.97,9727.3272,21848.69,8829.8324,7111.07,55189.466,52034.23,5187.6078,4577.82,16054.4472,13968.17,-4569.8077,3645.45,20280.8731,17777.67,5108.2009,4266.64,24972.4993,64536.94,97080.2145,95371.26,183906.4884,130993.33,30002.0855,27913.54,4978118.4396,3814850.34,439.6915,1896.28,5036.0547,4990.22,60.7458,63.3,21.6137,19.0,80653.1426,37435.45,8267.867,6645.86,-174295.0829,36472.59,4841.1877,4278.34,14693.4989,13054.36,-19914.8536,0.0,78903.0096,16614.64,8045.844,8307.32,19215.5682,112587.81,-0.4286,1.0,96549.0801,89132.02,134090.6528,122423.68,6964039.4596,6549531.9,16592.8675,0.0,4096508.7361,3565280.69,0.0,0.0,-0.0,0.0,0.042,0.0,3808.2297,3322.93,591.4083,6121.18,5.0,5.0,16.0539,14.0,402690.5414,356528.07,201345.2701,178264.03,34002.4453,28482.24,20388.6606,14241.12,4480.9746,0.0,22.3307,20.0,5006982.3643,4611912.03,245750.0283,353302.45,5252732.3926,4965214.48,1711307.067,1584317.42
Sales & Marketing,2026-01,Jan,2026,24139.8204,24484.74,0.0755,0.2105,0.0,0.0,2135255.7096,2137247.71,7.0,7.0,639586.9439,639587.0,15.3574,15.0,963353.0,963353.0,19.2711,19.0,1497073.9972,1497074.0,11.2701,12.0,2424480.0,2424480.0,4.0,4.0,3888272.9992,3888273.0,1.0,2.0,6626601.7968,6626619.0,55.51,56.0,280075.2596,523625.69,24933.0756,26198.67,243008.0957,152803.5,74578.1264,76401.75,21837.2501,22923.83,3616.7507,11643.85,14047.8042,14940.79,34328.1049,36023.17,-132476.3015,153109.09,70624.8771,73356.27,10655.6304,11003.44,4174.2315,490.04,224383.6234,233449.79,366342.8441,390975.0,29045.6252,22775.59,8920299.4582,9337991.47,4487.4872,5216.45,15676.5518,15639.0,60.7118,60.5,58.5303,59.0,140060.0588,130906.42,20558.2915,21424.14,-85600.8493,24484.74,13141.01,13963.35,32933.702,33666.51,110600.2605,927381.59,50353.8781,68557.26,20558.2915,21424.14,3337.118,0.0,-0.0668,0.0,210929.996,218177.37,343350.4777,365397.2,12254998.2518,12123365.78,-26902.5775,0.0,8194296.0472,9724662.54,3.0003,3.0,1.0,1.0,3.3424,3.0,14015.26,13711.45,14494.222,17051.87,10.9321,12.0,47.2669,47.0,802555.527,872709.48,401277.7641,436354.74,58998.7247,73454.21,35365.2757,36727.1,112943.9073,1769475.24,57.0,57.0,9861947.0461,13437009.0,909534.4191,1880630.78,10771481.4652,15317639.78,1483516.7866,-3194274.0
Sales & Marketing,2026-02,Feb,2026,24019.6166,25484.11,0.1175,0.0,0.0,0.0,2135255.7097,2137247.71,7.0,7.0,639586.9439,639587.0,15.6637,16.0,963353.0,963353.0,19.9829,20.0,1497073.9972,1497074.0,11.6792,12.0,2424480.0,2424480.0,4.0,4.0,3888272.9992,3888273.0,1.0,1.0,6626601.7968,6626619.0,56.9605,57.0,-83172.5589,0.0,25057.781,27268.0,307656.4789,26506.73,71013.5651,79520.19,21812.0276,23859.5,19890.4057,12119.11,13922.7125,15550.61,34620.7445,37493.5,-176247.0586,51036.36,71306.1035,76350.4,11978.7347,11452.56,1969.83,612.55,227482.2018,242978.35,364207.6665,411025.0,30598.0445,23705.2,8850210.9524,9719133.98,8021.8038,5429.36,15652.232,16441.0,60.6101,60.8,61.6695,60.0,130691.9005,136249.54,20833.3134,22298.6,61513.4458,25484.11,13303.5823,14533.28,33095.1253,35040.65,39125.6715,87445.48,133199.9235,71355.51,20833.3134,22298.6,4000.4272,0.0,0.0491,1.0,215302.833,227082.57,339491.1357,384135.51,12789827.2057,12380185.66,-2259.7534,0.0,8936617.555,9083302.78,3.0003,3.0,-0.0,0.0,2.6677,2.0,15586.3915,14271.1,14736.8806,17926.32,10.8321,12.0,48.6094,48.0,875259.0546,908330.28,437629.528,454165.14,62163.01,76452.34,37262.0255,38226.17,90146.125,35620.8,58.5303,59.0,10357645.413,10596097.51,1061733.1333,1083605.38,11419378.5463,11679702.89,1370448.6594,700482.77
Sales & Marketing,2026-03,Mar,2026,25258.841,24484.74,0.0195,0.4,0.0,0.0,2135255.7099,2137247.71,7.0,7.0,639586.9439,639587.0,15.9306,16.0,963353.0,963353.0,21.0576,20.0,1497073.9972,1497074.0,11.5869,12.0,2424480.0,2424480.0,4.4074,4.0,3888272.9992,3888273.0,1.0,1.0,6626601.7968,6626619.0,57.6878,57.0,-333572.1834,960211.9,25151.46,26198.67,430194.5551,42445.42,901155.6232,931105.29,22049.7727,22923.83,59395.3662,70608.96,14019.9141,14940.79,34696.2595,36023.17,-182338.9736,3645.45,71270.0157,73356.27,12809.6752,11003.44,-2337.7723,612.55,227827.8834,233449.79,364329.3821,390975.0,72977.0735,72881.88,8935909.6154,9337991.47,9762.3181,5216.45,17493.3709,17376.67,61.5458,61.2,63.4192,60.0,1354596.2872,1599352.88,21070.5635,21424.14,-33236.0636,61865.32,13310.1821,13963.35,33384.5779,33666.51,94593.6419,0.0,177958.4587,68557.26,21070.5635,21424.14,3512.2015,0.0,-0.1029,0.0,216484.9733,218177.37,341485.1634,365397.2,13999915.3789,12791351.43,-81130.7337,0.0,8925590.5556,9687306.73,3.5721,3.0,2.0,2.0,2.6059,2.0,13023.2679,13711.45,14667.9804,17051.87,11.1118,12.0,49.9463,48.0,874179.0619,872709.48,437089.5316,436354.74,63926.7498,55090.65,38319.2542,36727.1,88055.5259,0.0,61.6695,60.0,10015969.9635,12048400.6,2293668.4374,2459076.23,12309638.4009,14507476.83,1690276.978,-1716125.4
Sales & Marketing,2026-04,Apr,2026,23989.9915,24484.74,0.1175,0.0,0.0953,0.099,2317134.2772,2335275.12,7.0,7.0,731015.4702,717467.0,15.9164,16.0,1059722.0321,1070375.0,21.0576,20.0,1625414.3551,1637258.0,11.5211,12.0,2657648.9499,2631831.0,4.4074,4.0,4170857.5946,4217134.0,1.0,1.0,7139497.4417,7156528.0,57.5815,57.0,59202.4203,667499.47,25303.088,26198.67,821224.4462,519435.95,826761.8309,1177011.71,21990.4198,22923.83,5074.4277,11643.85,14881.1189,16325.13,34857.9845,36023.17,-123953.9741,18227.27,71467.1552,73356.27,40497.451,44013.76,-2371.4103,223.1,243811.2462,255080.16,383403.0158,390975.0,94536.4413,99543.48,10018186.9886,10203206.2,80769.7409,90169.99,17623.5613,17376.67,61.5958,61.5,63.1951,60.0,269886.2161,1946491.62,20965.7071,21424.14,28936.9014,24484.74,14110.0316,15257.13,33544.3156,33666.51,39262.2168,1322703.67,170180.5823,68557.26,20965.7071,21424.14,3871.5578,0.0,-0.1763,0.0,231521.569,238392.67,343756.6646,365397.2,14778141.6283,14643900.94,6809.0087,0.0,11985604.6199,11078861.01,3.5721,3.0,0.0,0.0,0.1408,0.0,38810.3783,43093.13,14640.1468,17051.87,11.1187,12.0,49.9463,48.0,1173879.1442,953570.67,586939.573,476785.34,63700.8187,55090.65,38183.8256,36727.1,4758.0504,0.0,63.4192,60.0,13922949.0189,13268534.24,1250570.4282,4142428.82,15173519.447,17410963.06,-395377.8188,-2767062.12
Sales & Marketing,2026-05,May,2026,23990.0054,24484.74,0.1175,0.0,0.0,0.0,2317134.2772,2335275.12,7.0,7.0,731015.4702,717467.0,15.9283,16.0,1059722.0321,1070375.0,21.0576,20.0,1625414.3551,1637258.0,11.4473,12.0,2657648.9499,2631831.0,4.3704,4.0,4170857.5946,4217134.0,1.0,1.0,7139497.4417,7156528.0,57.1698,57.0,-66215.1519,0.0,25303.243,26198.67,423968.2829,37102.57,107829.5666,133569.24,22034.5167,22923.83,5316.3699,11643.85,14889.001,16325.13,34858.0259,36023.17,-131035.8401,7290.91,71467.1551,73356.27,29670.629,33010.32,-2144.1658,223.1,243895.535,255080.16,383256.8781,390975.0,35607.6209,29863.04,10010491.4298,10203206.2,51273.0658,60361.73,19037.8734,19114.33,61.4958,61.8,62.7291,60.0,84201.4987,143035.6,20925.0309,21424.14,-27871.5908,24484.74,14141.7443,15257.13,33542.7957,33666.51,-6427.4497,0.0,156258.622,68557.26,20925.0309,21424.14,3607.0553,0.0,-0.1224,0.0,231340.4488,238392.67,340158.8029,365397.2,13662234.6352,13002159.17,6144.3499,0.0,12285472.8232,9535706.73,3.5721,3.0,0.0,0.0,0.1408,0.0,33100.8486,35258.02,14617.6256,17051.87,11.1187,12.0,49.6963,48.0,1203248.4619,953570.67,601624.2319,476785.34,63231.1145,55090.65,37902.2734,36727.1,4758.0878,0.0,63.1951,60.0,14139773.2459,11057880.49,938903.4132,1008434.02,15078676.6592,12066314.51,-1416442.024,935844.66
Sales & Marketing,2026-06,Jun,2026,25116.4975,25983.8,0.0685,0.2,0.0,0.0,2317134.2772,2335275.12,7.0,7.0,731015.4702,717467.0,16.1682,15.0,1059722.0321,1070375.0,21.0576,19.0,1625414.3551,1637258.0,11.8223,12.0,2657648.9499,2631831.0,4.3704,4.0,4170857.5946,4217134.0,1.0,2.0,7139497.4417,7156528.0,57.7221,56.0,-38900.9117,0.0,25890.6018,27802.67,529357.3271,39374.15,73042.0914,88591.85,22463.4834,24327.33,334410.2306,321997.35,15158.5051,17324.63,35648.1409,38228.67,-160918.4286,76554.55,72999.3956,77847.47,20956.2584,23354.24,604.1761,446.2,248605.6149,270697.31,382813.0554,411025.0,35688.8686,31691.39,9875011.9133,10827892.3,7156.7013,11071.64,21669.1646,23748.11,61.5708,62.1,64.2414,59.0,101340.9255,151792.88,21545.1394,22735.83,40132.6418,135419.44,14386.9309,16191.24,34204.1673,35727.73,66733.5364,131168.22,195240.3971,72754.64,21545.1394,22735.83,3801.7411,0.0,0.0899,1.0,236552.9502,252988.14,348680.6652,384135.51,14227197.4127,14130188.34,-20061.9424,0.0,12676643.2493,10119525.51,3.5721,3.0,1.0,1.0,2.4741,1.0,13228.3394,14550.93,15025.1658,17926.32,11.9547,12.0,49.1963,47.0,1241559.9881,1011952.55,620779.995,505976.28,64755.4836,58463.55,38816.0175,38975.7,83604.0154,58381.88,62.7291,60.0,14670997.6359,11793275.47,1133732.4959,1284110.51,15804730.1318,13077385.98,-1577532.7191,1052802.36
Sales & Marketing,2026-07,Jul,2026,25790.0585,26483.49,0.1175,0.0,0.0,0.0,2317134.2772,2335275.12,8.0,7.0,731015.4702,717467.0,16.6768,16.0,1059722.0321,1070375.0,21.8536,20.0,1625414.3551,1637258.0,12.1978,12.0,2657648.9499,2631831.0,4.4074,4.0,4170857.5946,4217134.0,1.0,1.0,7139497.4417,7156528.0,59.5014,57.0,-230223.986,0.0,26510.1085,28337.33,367382.3456,40131.35,77110.978,90295.54,22958.4095,24795.17,5005.2405,12594.37,15330.7304,17657.79,36581.0988,38963.83,-117075.6785,127590.91,75855.1796,79344.53,12427.8581,11901.68,2066.5049,669.31,257364.4393,275903.02,382766.2512,421050.0,33653.8507,26917.37,9753747.7096,11036120.99,6923.3242,8463.42,23468.1503,24327.33,61.8458,62.3,65.0476,60.0,94180.782,154711.98,21899.6039,23173.05,842.5962,26483.49,14496.3401,16502.61,35205.9643,36414.8,685290.6587,43722.74,139864.3862,74153.77,21899.6039,23173.05,3658.4435,0.0,-0.1329,0.0,244861.7648,257853.29,348686.9319,393504.67,14971804.1032,14071399.59,-6031.1874,0.0,14139494.7763,10314131.77,3.5721,3.0,0.0,0.0,1.6139,1.0,14605.9997,14830.75,14614.258,18363.55,11.9496,12.0,50.9463,48.0,1384832.7685,1031413.18,692416.3853,515706.59,65568.2052,59587.85,39303.1826,39725.23,54534.7692,19460.63,64.2414,59.0,16143553.3573,11980025.25,1662238.9481,1109371.24,17805792.3054,13089396.49,-2833988.2022,982003.1
Sales & Marketing,2026-08,Aug,2026,25790.0579,26483.49,0.1175,0.0,0.0,0.0,2317134.2772,2335275.12,8.0,7.0,731015.4702,717467.0,16.6696,16.0,1059722.0321,1070375.0,21.8536,20.0,1625414.3551,1637258.0,12.1316,12.0,2657648.9499,2631831.0,4.4074,4.0,4170857.5946,4217134.0,1.0,1.0,7139497.4417,7156528.0,59.2667,57.0,-230827.0923,0.0,26510.0925,28337.33,367383.6819,40131.35,77977.0675,90295.54,22918.7598,24795.17,23694.171,31644.77,15331.8689,17657.79,36581.0931,38963.83,-161797.5858,7290.91,75855.1796,79344.53,22398.2145,23803.36,-2332.8181,669.31,257360.5003,275903.02,382768.6492,421050.0,33654.2096,26917.37,9753866.1683,11036120.99,42050.365,45339.73,23485.5698,24327.33,61.7958,62.5,64.8321,60.0,81646.0686,154711.98,21880.9894,23173.05,16977.6151,55452.28,14818.2474,16502.61,35136.4218,36414.8,-6427.4509,0.0,133387.0098,74153.77,21880.9894,23173.05,3763.9171,0.0,-0.1543,0.0,244755.4048,257853.29,347342.499,393504.67,14559872.704,13976097.06,-6029.9482,0.0,12801504.2325,10314131.77,3.5721,3.0,0.0,0.0,0.1408,0.0,30736.9955,31780.19,14604.8008,18363.55,11.9496,12.0,50.9463,48.0,1253788.9669,1031413.18,626894.4844,515706.59,65350.9495,59587.85,39172.9543,39725.23,4758.0271,0.0,65.0476,60.0,14558376.4912,11960564.62,982529.6486,1111566.73,15540906.1398,13072131.35,-981033.4358,903965.71
Sales & Marketing,2026-09,Sep,2026,26920.1545,27482.87,0.0589,0.2,0.0,0.0,2317134.2772,2335275.12,8.0,7.0,731015.4702,717467.0,16.6756,16.0,1059722.0321,1070375.0,22.0576,20.0,1625414.3551,1637258.0,12.1794,12.0,2657648.9499,2631831.0,4.4074,4.0,4170857.5946,4217134.0,1.0,1.0,7139497.4417,7156528.0,59.2739,57.0,-230221.4829,0.0,27112.1805,29406.67,366668.023,41645.74,93475.5328,112443.5,23040.2406,25730.83,21229.1258,13069.63,15410.7315,18324.13,37386.4959,40434.17,-179271.2447,51036.36,77384.8284,82338.67,42641.8085,49403.2,-632.2256,223.1,262066.1897,286314.46,382691.8538,441100.0,57630.0881,55866.24,9793766.0322,11452578.39,59572.635,67752.96,21127.6899,21564.89,61.0708,62.7,64.8627,60.0,81353.7689,160550.16,22175.4352,24047.51,10137.9011,27482.87,15062.7045,17125.35,35430.5113,37788.94,1408488.1007,2072610.71,843674.8797,1145887.14,22175.4352,24047.51,3686.2837,0.0,0.1134,0.0,249238.5963,267583.61,358854.5314,412242.99,14861746.1421,14662756.22,-40379.994,0.0,12946192.1429,10703344.29,3.5721,3.0,1.0,1.0,1.6757,1.0,35028.6139,39575.33,15096.6412,19238.01,11.9496,12.0,51.1963,48.0,1267959.8098,1070334.43,633979.9059,535167.21,65381.7842,61836.45,39191.4374,41224.3,56625.2965,38921.25,64.8321,60.0,14742415.1835,12450827.93,3123637.2739,4275663.0,17866052.4574,16726490.93,-3004306.3153,-2063734.71
Sales & Marketing,2026-10,Oct,2026,27353.0059,27982.55,0.1175,0.4,0.0133,0.0147,2343095.217,2366381.82,8.0,7.0,747068.541,731551.0,16.6705,16.0,1078549.283,1088533.0,21.3163,20.0,1642188.9799,1660440.0,12.0026,12.0,2675707.7467,2662442.0,4.4074,4.0,4208800.834,4263124.0,1.0,2.0,7202593.7377,7231436.0,58.5274,58.0,1826096.2002,441724.61,28037.9796,29941.33,1883412.1113,1374968.23,133922.7762,154683.93,23380.4603,26198.67,512134.2909,564635.97,15681.0234,18905.81,38763.5092,41169.33,-163828.5286,25518.18,80528.4746,83835.73,33846.495,37726.08,-646.8981,226.07,275031.3854,295403.33,385228.5394,451125.0,114700.3012,115279.35,9913007.2291,11816133.24,38312.8946,41731.57,20450.5576,20050.0,60.7458,62.9,63.83,61.0,92084.8784,165646.73,22382.7299,24484.74,2982.4161,185518.54,15613.0641,17668.98,36013.0591,38476.01,115787.0849,43722.74,110911.593,78351.15,22382.7299,24484.74,3743.4254,0.0,0.5979,0.0,260533.1205,276077.88,363930.1933,421612.15,17367415.7788,16994546.15,737733.7421,0.0,13783639.0824,11043115.18,3.5721,3.0,-0.0,2.0,1.0709,3.0,30090.1641,31340.46,15531.2905,19675.23,10.7449,12.0,51.4463,49.0,1349979.9938,1104311.52,674989.998,552155.76,64340.7957,62960.75,38567.4434,41973.83,36188.2614,19719.85,64.8627,60.0,18515278.9424,13265961.5,1115595.3296,1355041.9,19630874.272,14621003.4,-2263458.4932,2373542.75
Sales & Marketing,2026-11,Nov,2026,27369.6969,27982.55,0.1175,0.0,0.0,0.0,2343095.217,2366381.82,8.0,7.0,747068.541,731551.0,16.6748,16.0,1078549.283,1088533.0,21.3163,20.0,1642188.9799,1660440.0,11.9539,12.0,2675707.7467,2662442.0,4.4074,4.0,4208800.834,4263124.0,1.0,2.0,7202593.7377,7231436.0,58.2798,58.0,-248025.2107,0.0,28038.7909,29941.33,433826.4225,139645.21,127322.0204,154683.93,23376.7176,26198.67,84228.9357,102511.77,15670.4675,18905.81,38763.6795,41169.33,-159872.9181,3645.45,80528.4751,83835.73,23256.8591,25150.72,-2371.0048,226.07,275031.5862,295403.33,385079.876,451125.0,62633.811,57639.67,9912907.0512,11816133.24,46985.8283,54506.53,18889.2983,18045.0,60.6958,63.1,63.6207,61.0,107042.081,165646.73,22305.7107,24484.74,176468.736,71854.04,15613.0704,17668.98,35906.3539,38476.01,-6427.451,0.0,104621.7823,78351.15,22305.7107,24484.74,3701.3665,0.0,-0.1416,0.0,260431.2166,276077.88,364297.6076,421612.15,15654273.1222,15206889.64,-17463.5679,0.0,13757120.6269,11043115.18,3.5721,3.0,0.0,0.0,0.1408,0.0,34807.7672,35817.67,15523.6515,19675.23,10.7449,12.0,51.4463,49.0,1347382.7563,1104311.52,673691.3792,552155.76,64129.8306,83947.66,38440.9858,41973.83,4758.0529,0.0,63.83,61.0,15623736.2196,12825503.95,1180265.9338,1202131.87,16804002.1534,14027635.82,-1149729.0312,1179253.82
Sales & Marketing,2026-12,Dec,2026,27371.7114,27982.55,0.1175,0.0,0.0,0.0,2343095.217,2366381.82,8.0,7.0,747068.541,731551.0,16.6712,16.0,1078549.283,1088533.0,21.3262,20.0,1642188.9799,1660440.0,11.4226,12.0,2675707.7467,2662442.0,4.4074,4.0,4208800.834,4263124.0,1.0,2.0,7202593.7377,7231436.0,57.783,58.0,610539.884,1104311.52,28049.5898,29941.33,6393925.2008,5156130.87,85040.7524,96677.45,23436.8837,26198.67,100143.2961,147898.4,15689.4194,18905.81,38772.7932,41169.33,-154909.965,3645.45,80527.2914,83835.73,13091.0216,12575.36,-2131.8402,226.07,275009.7169,295403.33,384953.1692,451125.0,89041.2702,86459.51,9907539.2191,11816133.24,9026.7271,8942.48,17245.9311,16040.0,60.7458,63.3,62.8319,61.0,118194.5229,165646.73,22285.6214,24484.74,-5164.1474,103667.1,15613.0719,17668.98,35906.0583,38476.01,-6427.451,0.0,84692.4893,78351.15,22285.6214,24484.74,3732.3238,0.0,0.6002,0.0,260036.5958,276077.88,366295.4668,421612.15,19566625.6417,20170667.56,-20756.1642,0.0,13625707.7147,11043115.18,3.5721,3.0,0.0,0.0,0.1408,0.0,15680.1509,15670.23,15552.6327,19675.23,10.7449,12.0,51.1963,49.0,1334512.0767,1104311.52,667256.0394,552155.76,63334.736,83947.66,37964.3867,41973.83,4758.0286,0.0,63.6207,61.0,16327049.0257,13929815.47,972322.3443,1213797.49,17299371.37,15143612.96,2267254.2716,5027054.6
Risk & Compliance,2026-01,Jan,2026,-197128.9232,7995.02,0.066,0.5714,0.0,0.0,4033410.3963,4036898.97,1.0,1.0,1028916.3234,1029067.0,4.0435,4.0,1596124.583,1595906.0,7.0623,8.0,2431572.0,2431572.0,6.0535,6.0,3825643.0974,3825643.0,2.0,3.0,5665422.9701,5664407.0,1.0,1.0,9646048.0,9646048.0,21.5673,23.0,-28572.1699,322951.92,8341.0074,8554.67,53316.1513,94243.24,125215.3522,117804.05,23881.5389,23953.07,-7947.0456,3802.07,34113.1113,34555.86,11479.4438,11762.67,158736.2478,76554.55,35307.5446,35929.6,3095.4943,3592.96,35647.2391,925.6,140974.3963,143982.73,172168.8658,160400.0,12209.1095,14047.1,5610986.1769,5759309.19,4172.5304,2554.99,5134.9232,4812.0,60.7118,60.5,21.5673,23.0,-843112.808,201844.95,21632.3797,22386.04,510595.0947,7995.02,33570.8537,32295.19,10594.9044,10993.15,81754.044,454776.96,41730.2638,33579.07,6530.5303,6995.64,78670.5932,0.0,0.1553,0.0,129330.1225,134563.3,170707.5541,149906.54,7860894.8116,7428566.0,160014.9832,0.0,4949801.1898,5867945.06,0.0,0.0,1.0,1.0,2.4692,3.0,6083.2533,6715.81,5321.7229,5246.73,4.3662,6.0,17.3579,17.0,488660.2231,538253.2,244330.1107,269126.6,26088.9013,23985.05,15658.0187,11992.52,481406.8777,909944.31,21.0,21.0,6416058.7278,7944198.66,-22391.0077,1075293.42,6393667.7201,9019492.08,1467227.0915,-1590926.08
Risk & Compliance,2026-02,Feb,2026,-97011.2402,8994.39,0.1536,0.5217,0.0,0.0,4033410.397,4036898.97,1.0,1.0,1028916.3233,1029067.0,4.0215,4.0,1596130.5705,1595906.0,7.0312,8.0,2431572.0,2431572.0,6.0171,6.0,3825643.0974,3825643.0,2.0,3.0,5666206.7215,5664407.0,1.0,1.0,9646048.0,9646048.0,22.1256,23.0,-186008.3366,0.0,8525.383,9624.0,-22785.5701,17670.61,127072.5491,132529.56,24366.4029,26947.2,-7234.1806,4277.33,34441.3915,38875.34,11810.904,13233.0,17410.0398,51036.36,36007.5944,40420.8,3838.5262,4042.08,28375.1255,1157.0,141265.4182,161980.57,174400.5172,187133.33,13636.2584,15802.98,5586611.2222,6479222.84,3231.4218,2874.37,5733.5685,5614.0,60.6101,60.8,22.1256,23.0,-728347.6854,227075.57,21683.6794,25184.3,290955.5616,8994.39,33485.6843,36332.09,10700.6498,12367.29,30745.523,87445.48,43840.7694,37776.45,6513.6934,7870.09,126102.953,0.0,1.1702,1.0,126819.6329,151383.71,172448.266,174890.97,7611788.4654,8271340.68,50409.5152,0.0,4359000.8682,6055348.45,0.0,0.0,1.0,1.0,1.5306,2.0,6879.8862,7555.29,5292.431,6121.18,4.2604,5.0,18.3233,18.0,430334.5236,605534.85,215167.2611,302767.42,26764.2333,26983.18,16063.339,13491.59,298416.4644,67281.65,21.5673,23.0,5336250.8212,7071407.14,-75993.1484,791991.2,5260257.6728,7863398.34,2351530.7925,407942.34
Risk & Compliance,2026-03,Mar,2026,-90346.0077,8994.39,0.1577,0.0,0.0,0.0,4033410.3976,4036898.97,1.0,1.0,1028916.3238,1029067.0,4.0215,4.0,1596125.1364,1595906.0,7.0312,7.0,2431572.0,2431572.0,6.0158,6.0,3825643.0974,3825643.0,2.0,2.0,5666949.6657,5664407.0,1.0,2.0,9646048.0,9646048.0,21.9486,22.0,-242654.1695,0.0,8416.9813,9624.0,-10764.7763,29451.01,1457465.3871,2244647.99,24110.0285,26947.2,18958.557,30332.15,34171.256,38875.34,11566.9302,13233.0,1802.995,3645.45,35178.3758,40420.8,3324.8367,4042.08,30243.0453,1157.0,139613.6544,161980.57,174067.3797,187133.33,48380.4796,50569.54,5522304.8529,6479222.84,743.538,2874.37,6335.6371,6237.78,61.5458,61.2,21.9486,22.0,-614740.23,769194.02,21611.3511,25184.3,158041.1852,26576.07,33478.6771,36332.09,10704.4686,12367.29,167947.5733,0.0,37237.8976,37776.45,6386.5647,7870.09,86252.5886,0.0,0.143,1.0,126160.6031,151383.71,170897.0582,174890.97,7910197.9164,10343676.86,27348.7179,0.0,4327461.0144,6055348.45,0.0,0.0,0.0,0.0,-0.0,0.0,6711.3507,7555.29,5125.6634,6121.18,4.2312,5.0,18.2886,17.0,427220.8082,605534.85,213610.4034,302767.42,26550.0621,20237.38,15934.7979,13491.59,-0.0213,0.0,22.1256,23.0,4881724.2017,6997379.69,39216.1553,1264245.85,4920940.357,8261625.54,2989257.5595,2082051.32
Risk & Compliance,2026-04,Apr,2026,-91360.3375,8994.39,0.1577,0.0,0.0971,0.0923,4376005.0704,4387584.87,1.0,1.0,1132184.787,1150949.0,4.0215,4.0,1770947.2774,1757914.0,7.0312,7.0,2759527.402,2660848.0,6.0158,6.0,4017324.7237,4162431.0,2.0,2.0,6041824.9427,6090132.0,1.0,2.0,10385679.4078,10332493.0,22.1464,22.0,253512.5734,1857648.16,8280.8124,9624.0,281859.1134,358505.57,2271244.1547,1965010.22,24564.5536,26947.2,-6871.0715,4277.33,37696.2373,42252.44,11608.1356,13233.0,3918.6854,18227.27,35858.6818,40420.8,16290.4412,16168.32,37332.8787,419.17,154894.485,176051.84,183654.3333,187133.33,66507.9515,68703.16,5911244.7521,7042073.72,50587.7477,49685.5,6529.8846,6237.78,61.5958,61.5,22.1464,22.0,-507841.5326,673367.99,21628.5342,25184.3,121039.4148,8994.39,36068.718,39488.26,10581.3028,12367.29,297315.9844,0.0,45087.9931,37776.45,6271.4946,7870.09,66936.5059,0.0,0.1438,0.0,139441.8674,164534.43,170840.1107,174890.97,10084854.4146,11127412.94,66638.1475,0.0,496109.3689,8676804.92,0.0,0.0,0.0,0.0,0.0,0.0,23533.4954,23745.2,5069.3863,6121.18,4.2172,5.0,18.1381,17.0,48977.5055,658137.73,24488.7527,329068.87,26789.3593,20237.38,16078.4191,13491.59,0.0007,0.0,21.9486,22.0,999530.633,11555388.65,277676.4317,1183334.94,1277207.0648,12738723.59,8807647.3498,-1611310.65
Risk & Compliance,2026-05,May,2026,-91360.3363,8994.39,0.1577,0.0,0.0,0.0,4376005.0704,4387584.87,1.0,1.0,1132184.787,1150949.0,4.0215,4.0,1770947.4083,1757914.0,7.0312,7.0,2759527.402,2660848.0,6.0158,6.0,4017324.7237,4162431.0,2.0,2.0,6042571.7481,6090132.0,1.0,2.0,10385679.4078,10332493.0,22.1464,22.0,-236993.6299,0.0,8279.4798,9624.0,-18892.057,25607.54,233783.7914,230467.87,24529.5956,26947.2,-7221.9817,4277.33,37650.7226,42252.44,11579.7013,13233.0,2038.057,7290.91,35737.5174,40420.8,11888.7289,12126.24,39014.9668,419.17,154875.1613,176051.84,184427.863,187133.33,18491.9638,20610.95,5911243.3612,7042073.72,33614.1424,33260.54,7164.9106,6861.56,61.4958,61.8,22.1464,22.0,-969694.2817,246801.65,21619.5388,25184.3,121031.4323,8994.39,36180.6174,39488.26,10580.0936,12367.29,167947.4801,0.0,45126.4168,37776.45,6247.5638,7870.09,62737.3017,0.0,0.143,0.0,139421.4704,164534.43,171179.1118,174890.97,7574594.4813,8979406.79,60490.0898,0.0,278245.5905,6581377.31,0.0,0.0,0.0,0.0,0.0,0.0,19301.1847,19427.89,5054.4228,6121.18,4.2081,5.0,18.1842,17.0,27469.2957,658137.73,13734.6478,329068.87,26789.3594,20237.38,16078.4192,13491.59,0.0003,0.0,22.1464,22.0,248551.0743,7602312.88,-317365.2854,752451.29,-68814.211,8354764.17,7643408.6923,624642.62
Risk & Compliance,2026-06,Jun,2026,-91346.002,8994.39,0.1577,0.0,0.0,0.0,4376005.0704,4387584.87,1.0,1.0,1132184.787,1150949.0,4.0215,4.0,1770947.4197,1757914.0,7.0312,7.0,2759527.402,2660848.0,6.0158,6.0,4017324.7237,4162431.0,2.0,2.0,6043319.8946,6090132.0,1.0,2.0,10385679.4078,10332493.0,21.9693,22.0,-218259.7954,0.0,8103.3173,9624.0,-17989.2376,25607.54,146552.144,144042.42,24258.5201,26947.2,112443.6049,114839.6,37292.8922,42252.44,11453.7736,13233.0,1205.1989,3645.45,35352.9223,40420.8,8207.9679,8084.16,32619.9718,838.34,153439.3356,176051.84,177769.9992,200500.0,17358.4392,20610.95,5855319.6413,7042073.72,3838.1412,5748.74,7975.4213,8688.33,61.5708,62.1,21.9693,22.0,-937304.3476,246801.65,21601.0667,25184.3,185440.9684,48297.03,36180.29,39488.26,10586.0901,12367.29,167947.9054,0.0,39272.3445,37776.45,6192.7963,7870.09,76094.1551,0.0,0.143,0.0,138958.5857,164534.43,161621.6064,1623682.45,7578541.4335,8989450.9,39095.1524,0.0,262420.7607,6581377.31,0.0,0.0,0.0,0.0,-0.0,0.0,6673.9922,7555.29,4707.0196,622115.24,4.9515,4.0,17.4555,18.0,25907.0178,658137.73,12953.5089,329068.87,26575.1881,20237.38,15949.878,13491.59,-0.0,0.0,22.1464,22.0,240735.8655,7602312.88,-249467.6842,2844666.87,-8731.8187,10446979.75,7587273.2523,-1457528.85
Risk & Compliance,2026-07,Jul,2026,-172649.873,8994.39,0.1577,0.0,0.0,0.0,4376005.0704,4387584.87,1.0,1.0,1132184.787,1150949.0,4.0215,4.0,1770947.4166,1757914.0,7.03,8.0,2759527.402,2660848.0,6.0158,6.0,4017324.7237,4162431.0,2.0,3.0,6044069.1982,6090132.0,1.0,1.0,10385679.4078,10332493.0,22.7923,23.0,-129959.9965,0.0,8968.5953,9624.0,-47756.0921,25607.54,134274.039,144042.42,25769.5513,26947.2,-7487.6348,4277.33,38850.1505,42252.44,12349.5487,13233.0,-78465.2402,18227.27,38497.5226,40420.8,3618.2691,4042.08,29600.816,1257.51,162201.5254,176051.84,188897.8124,187133.33,13970.6513,17175.79,6181681.5868,7042073.72,2869.3519,4311.55,8363.8692,8109.11,61.8458,62.3,22.7923,23.0,-935194.7661,246801.65,22487.9762,25184.3,158440.0673,8994.39,33487.157,39488.26,10937.4184,12367.29,286073.8682,0.0,29637.9125,37776.45,6538.8767,7870.09,167047.2412,0.0,0.143,0.0,143055.5921,164534.43,172750.4898,174890.97,8057493.522,8867229.22,55889.7018,0.0,852882.4364,6581377.31,0.0,0.0,0.0,0.0,1.0,1.0,6683.3351,7555.29,5316.0364,6121.18,4.6696,5.0,18.4653,18.0,84199.2851,658137.73,42099.6424,329068.87,27570.6662,20237.38,16547.3433,13491.59,194968.1627,0.0,21.9693,22.0,1311244.4827,7602312.88,-232435.9092,740578.69,1078808.5735,8342891.57,6978684.9485,524337.65
Risk & Compliance,2026-08,Aug,2026,-92021.505,8994.39,0.1577,0.0,0.0,0.0,4376005.0704,4387584.87,1.0,1.0,1132184.787,1150949.0,4.0215,4.0,1770947.4162,1757914.0,7.0312,8.0,2759527.402,2660848.0,6.0158,6.0,4017324.7237,4162431.0,2.0,3.0,6044819.7842,6090132.0,1.0,1.0,10385679.4078,10332493.0,21.7715,23.0,-215061.3005,0.0,8728.9009,9624.0,-12731.1014,25607.54,128069.9198,144042.42,25005.6768,26947.2,5857.843,9131.7,38122.0859,42252.44,11944.8343,13233.0,1935.7789,7290.91,37487.6793,40420.8,8386.3855,8084.16,36264.5966,1257.51,159682.4994,176051.84,187776.8309,187133.33,13445.2466,17175.79,6092334.4757,7042073.72,21731.4168,23097.6,8238.4001,8109.11,61.7958,62.5,21.7715,23.0,-900672.6763,246801.65,22783.4485,25184.3,339043.6881,16001.81,35072.2526,39488.26,11049.3739,12367.29,167948.4757,0.0,26023.2738,37776.45,6630.4212,7870.09,87582.0105,0.0,1.1423,0.0,145801.7234,164534.43,170305.8325,174890.97,7167964.911,8879750.19,52977.0653,0.0,463684.404,6581377.31,0.0,0.0,0.0,0.0,-0.0,0.0,15853.2688,16189.91,5247.1742,6121.18,4.6681,5.0,17.9699,18.0,45776.4091,658137.73,22888.2045,329068.87,26335.891,20237.38,15806.2568,13491.59,-0.0001,0.0,22.7923,23.0,499988.9406,7602312.88,-46935.2488,756220.73,453053.6918,8358533.61,6714911.2193,521216.58
Risk & Compliance,2026-09,Sep,2026,-266704.1392,10493.46,0.0657,0.5217,0.0,0.0,4376005.0704,4387584.87,1.0,1.0,1132184.787,1150949.0,4.0215,4.0,1770947.4163,1757914.0,7.03,7.0,2759527.402,2660848.0,6.0158,6.0,4017324.7237,4162431.0,2.0,2.0,6045571.5192,6090132.0,1.0,2.0,10385679.4078,10332493.0,23.1672,22.0,-136247.6616,0.0,8871.1035,11228.0,-53971.1626,29875.46,144300.4666,201659.38,25157.5238,31438.4,-7438.274,4990.22,38120.9909,49294.52,12060.2001,15438.5,14653.6611,76554.55,37976.8703,47157.6,16054.1588,18863.04,39458.5628,419.17,160696.0482,205393.82,189792.2133,213866.67,28187.3458,40076.84,6134170.5023,8215752.67,32853.3504,38803.97,6740.2444,7841.78,61.0708,62.7,23.1672,22.0,-819015.0613,287935.26,21522.8743,29381.68,117751.9574,10493.46,33788.6335,46069.64,10406.2301,14428.5,892557.1087,131168.22,537918.398,44072.52,6265.3105,9181.78,62737.2713,0.0,0.143,1.0,139774.4164,191956.84,169456.2758,199875.39,7824396.9452,10599166.79,77019.1818,0.0,291920.0701,7678273.53,0.0,0.0,-0.0,1.0,1.5523,1.0,18554.8176,22665.87,5441.5986,6995.64,4.6372,5.0,18.472,17.0,28819.2841,767827.35,14409.642,383913.68,28024.1348,23610.28,16819.5058,15740.19,302652.7272,109689.62,21.7715,23.0,686154.1555,8979054.65,867718.4205,1004718.26,1553872.576,9983772.91,6270524.3692,615393.88
Risk & Compliance,2026-10,Oct,2026,-96648.9565,10493.46,0.1577,0.0,0.0149,0.0135,4433564.7717,4443550.74,1.0,1.0,1150237.377,1171042.0,4.0215,4.0,1807095.8813,1790401.0,7.03,7.0,2813997.0418,2688763.0,6.0158,6.0,4026621.2795,4222138.0,2.0,2.0,6108711.4419,6152670.0,1.0,2.0,10481387.583,10455950.0,22.0316,22.0,1704561.5348,311048.55,8710.5127,11228.0,702539.1801,968209.31,174607.3987,272308.87,24712.2962,31438.4,230786.8552,241592.49,38223.9705,49923.29,11816.7783,15438.5,1482.1726,3645.45,37531.873,47157.6,12231.598,14147.28,38075.3939,424.52,162080.1291,208013.72,190744.9024,213866.67,58827.314,81176.09,6152592.5289,8320548.77,17420.0198,23474.01,6077.8909,7128.89,60.7458,62.9,22.0316,22.0,-673518.2594,291608.02,22304.6829,29381.68,347318.4693,79378.37,34280.4906,46657.28,10720.7194,14428.5,44811.9995,0.0,47748.2012,44072.52,6491.746,9181.78,79254.6523,0.0,1.1702,0.0,146745.5014,194405.35,167739.71,199875.39,7924022.1761,11800683.41,-1356869.0256,0.0,-468393.1799,7776213.8,0.0,0.0,0.0,0.0,0.0,0.0,13992.6207,17629.01,5419.8145,6995.64,4.6367,5.0,18.223,17.0,-46241.2745,777621.38,-23120.6372,388810.69,26650.5669,23610.28,15995.1188,15740.19,0.0057,0.0,23.1672,22.0,-68162.2387,9293044.89,77406.7397,944107.0,9244.5009,10237151.89,7914777.6752,1563531.52
Risk & Compliance,2026-11,Nov,2026,-97167.3573,10493.46,0.1577,0.0,0.0,0.0,4433564.7716,4443550.74,1.0,1.0,1150237.3769,1171042.0,4.0215,4.0,1807095.8813,1790401.0,7.03,7.0,2813997.0418,2688763.0,6.0158,6.0,4026621.2795,4222138.0,2.0,2.0,6109465.502,6152670.0,1.0,2.0,10481387.583,10455950.0,22.0316,22.0,-257152.9253,0.0,8277.1903,11228.0,9389.9305,98333.76,180529.1434,272308.87,23469.4219,31438.4,26953.1023,42106.19,36764.9092,49923.29,11121.759,15438.5,1500.0539,3645.45,35567.5443,47157.6,7130.1283,9431.52,31861.0793,424.52,156625.0623,208013.72,185605.4438,213866.67,26172.7406,40588.04,5956848.6646,8320548.77,22304.4554,30659.93,5240.588,6416.0,60.6958,63.1,22.0316,22.0,-704839.1437,291608.02,21014.2166,29381.68,1734988.9555,1984724.99,32884.9985,46657.28,10064.3401,14428.5,167948.9287,0.0,45609.0007,44072.52,6081.2698,9181.78,239088.3126,0.0,0.143,0.0,141645.8176,194405.35,160695.4033,199875.39,6725597.5886,10694028.53,50778.7039,0.0,-737129.8797,7776213.8,0.0,0.0,0.0,0.0,-0.0,0.0,15367.6852,20147.44,5251.8795,6995.64,4.3744,5.0,18.4734,17.0,-72771.8221,777621.38,-36385.9109,388810.69,26650.5669,31480.37,15995.1188,15740.19,-0.0231,0.0,22.0316,22.0,-770927.8591,8989866.43,1539545.9946,2851972.05,768618.1355,11841838.48,5956979.4531,-1147809.95
Risk & Compliance,2026-12,Dec,2026,-97656.6902,10493.46,0.1577,0.0,0.0,0.0,4433564.7715,4443550.74,1.0,1.0,1150237.377,1171042.0,4.0215,4.0,1807095.8813,1790401.0,7.03,7.0,2813997.0418,2688763.0,6.0158,6.0,4026621.2795,4222138.0,2.0,2.0,6110221.3953,6152670.0,1.0,2.0,10481387.583,10455950.0,22.0293,22.0,-85315.2795,2041544.33,7964.133,11228.0,2623750.0402,3630784.92,97165.4455,170193.04,22411.5343,31438.4,36750.3475,47725.52,35507.7377,49923.29,10585.9653,15438.5,1512.6155,3645.45,34152.3949,47157.6,3682.1761,4715.76,34568.4684,424.52,152878.8368,208013.72,184288.0528,213866.67,38270.2791,60882.06,5823851.8055,8320548.77,1384.7082,5030.14,4728.7268,5703.11,60.7458,63.3,22.0293,22.0,-899281.5223,1374970.54,20075.1484,29381.68,137432.7552,1297375.42,31573.227,46657.28,9574.7623,14428.5,167949.0628,0.0,42349.6825,44072.52,5789.0434,9181.78,189975.2707,0.0,0.143,0.0,138152.981,194405.35,159876.0546,199875.39,8612954.4377,14115932.53,54705.2928,0.0,-926107.9691,7776213.8,0.0,0.0,0.0,0.0,-0.0,0.0,5651.688,8814.5,5210.3769,6995.64,4.0002,5.0,18.7236,17.0,-91428.3442,777621.38,-45714.1719,388810.69,26647.6993,31480.37,15993.3977,15740.19,-0.204,0.0,22.0316,22.0,-861244.3083,11031410.76,-273303.4303,3236652.06,-1134547.7386,14268062.82,9747502.1763,-152130.29
